scope	test_name	outcome	multiplicity
coverage	AChangedAssemblyName_ChangesTheHash	Passed	1
coverage	AChangedModuleVersionId_ChangesTheHash	Passed	1
coverage	AControlledCarrierIsActuallyDispossessed	Passed	1
coverage	ACrossClubDuplicatePlayerId_IsRefusedAtEveryIdEntryPoint	Passed	1
coverage	ADegenerateHeight_PutsTheBallOnTheGroundRatherThanNowhere	Passed	1
coverage	ADegenerateTarget_AimsAtTheCentreSpot	Passed	1
coverage	AFailingObserver_IsDisarmedAndLatched_NotFatalToTheMatch	Passed	1
coverage	AFixtureDisciplineDriverWithoutATally_IsRefusedAtComposition	Passed	1
coverage	AFrameResolvesToLiveOrFullTimeByItsMatchEndedFlag	Passed	1
coverage	AFramelessStreamerIsNotReadAsARunningMatch	Passed	1
coverage	AGoalkeeperSubstitution_MovesTheFrameCue_WhileTheBootAccessorGoesStale	Passed	1
coverage	AGroundedBall_SitsOnItsOwnShadow	Passed	1
coverage	ALongGap_ShiftsEverythingOut_WithoutOverflow	Passed	1
coverage	ALooseBall_RingsNobody	Passed	1
coverage	AMatchOpensAtRealTime	Passed	1
coverage	AMidMatchSave_RestoresTheElevenThatActuallyPlayed	Passed	1
coverage	AMidMatchSave_WithASuspendedStarter_RestoresTheElevenThatActuallyPlayed	Passed	1
coverage	ANewBanEarnedThisFixtureIsNotServedByThisSameFixture	Passed	1
coverage	ANoArgumentRoundPlay_OnALoopThatOwnsNoProvider_FailsLoud	Passed	1
coverage	ANonFiniteAgentPosition_IsRefused_RatherThanDrawn	Passed	1
coverage	ANonFiniteBallGroundPosition_IsRefused	Passed	1
coverage	ANullOrInvalidTeamId_IsRefused	Passed	2
coverage	AOneMatchBan_CostsExactlyTheNextFixtureAndNoMore	Passed	1
coverage	APlayedRound_RecordsExactlyTheFieldedEleven_ForBothClubsOfEveryFixture	Passed	1
coverage	AProgressionStoreWithNoCareer_CanPlayARound_AndRefusesAForeignProvider	Passed	1
coverage	AProgressionStoreWithNoCareer_DrivesSlot1_OnTheNeutralBatch	Passed	1
coverage	AProgressionStoreWithNoCareer_SavesAndReloadsAndResumes	Passed	1
coverage	AProgressionWiredLoop_CanPlayARound_ThroughItsOwnProvider	Passed	1
coverage	AR1L1_GetOrCreateEdgeWithConflictingMask_FailsLoud	Passed	1
coverage	AR1L1_SpawnTickLifetimeOverflow_FailsLoud	Passed	1
coverage	AR1L2_InsertEdgeWithActiveLayerEscaping01_FailsLoud	Passed	1
coverage	AR1L3_ColdStoreAddIncoherentSummary_FailsLoud	Passed	1
coverage	AR1M1_MutatingCallerPinArrayAfterSpawn_DoesNotDesyncResolve	Passed	1
coverage	AR1M1_RefCountedPin_StaysExemptUntilLastArcUnpins	Passed	1
coverage	AR1M2_PromotionMaskConflict_FailsLoud_WithoutStrandingTheSummary	Passed	1
coverage	AR1M2_RemoveEdgeWithArcPinnedEpisode_FailsLoud	Passed	1
coverage	AR2L1_InsertEdgeIncoherentEpisodeIds_FailLoud	Passed	1
coverage	AR2L2_NonFiniteEpisodeSalience_FailsLoudAtBothSeams	Passed	1
coverage	AR2M1_ColdStoreAdd_RefusesUndefinedActiveLayersMaskBit	Passed	1
coverage	AR2M1_OutOfRosterLayerAndUndefinedMaskBits_FailLoud	Passed	1
coverage	AR2M1_RecordInteraction_SelfContact_FailsLoud_BeforeAnyTake	Passed	1
coverage	ARealEngineFixtureFoldsItsCardsOntoPlayerRecordsAndChangesNothingElse	Passed	1
coverage	ARecordingThrow_LeavesTheFixtureUnplayed_SoTheRoundIsRetryable	Passed	1
coverage	ARefusedFrame_LeavesTheDestinationUntouched_NotHalfWritten	Passed	1
coverage	ARunningMatchOffersEverything	Passed	1
coverage	ASeasonRollThatClearsEveryYellow_LeavesTheCareerSaveable	Passed	1
coverage	ASuspendedAndAnInjuredPlayerAreBothRemoved	Passed	1
coverage	ASuspendedPlayerPressedInByTheExtremisBackFill_IsExemptFromServing_WhileAnUnfieldedSuspendedTeammateStillServes_Away	Passed	1
coverage	ASuspendedPlayerPressedInByTheExtremisBackFill_IsExemptFromServing_WhileAnUnfieldedSuspendedTeammateStillServes_Home	Passed	1
coverage	ATackleFoulIsGivenAsASlideTackleAndNotJudgedTwice	NotExecuted	1
coverage	ATackleFoulIsPublishedAsASlideTackle	NotExecuted	1
coverage	AThrowInsideTheServeAndCommitBlock_LeavesTheFixturePlayed_AndDoesNotDoubleServeOnRetry	Passed	1
coverage	AWholeSeason_PlaysWithTheCareerWired	Passed	1
coverage	AWiredTallyThatDrainsToZero_SavesOverItsOwnPopulatedFile	Passed	1
coverage	AbandonedZoneCenter_DefendingX0	Passed	1
coverage	AbsentKey_ReturnsFallback	Passed	1
coverage	AccessorsGuardTheirIndex	Passed	1
coverage	Accessors_OutOfRangeIndex_AnswerTheMachineDefault	Passed	1
coverage	AccountingSurface_UsesIntegerFieldsOnly	Passed	1
coverage	AccrueDailyRevenue_BalanceOverflow_FailsLoud	Passed	1
coverage	AccrueDailyRevenue_ComponentSumOverflow_FailsLoud	Passed	1
coverage	AccrueDailyRevenue_DeepOff_IgnoresOtherwiseInvalidRevenueInputs	Passed	1
coverage	AccrueDailyRevenue_DeepOff_IncoherentPriorStillFailsLoud	Passed	1
coverage	AccrueDailyRevenue_DeepOff_IsExactIdentity	Passed	1
coverage	AccrueDailyRevenue_EnabledNegativeComponent_FailsLoud(-1L,0L)	Passed	1
coverage	AccrueDailyRevenue_EnabledNegativeComponent_FailsLoud(0L,-1L)	Passed	1
coverage	AccrueDailyRevenue_Enabled_AccruesBothComponentsOnly	Passed	1
coverage	AccrueDailyRevenue_SeasonAccumulatorOverflow_FailsLoud	Passed	1
coverage	AccuracyCoeff_Roll_IsAlwaysOne	Passed	1
coverage	AccuracyCoeff_Throw_ScalesWithThrowingAttr	Passed	1
coverage	AchievedNormal_DegenerateAim_FallsBackToTheGeometricNormal	Passed	1
coverage	AchievedNormal_FullAuthority_IsTheAimNormal	Passed	1
coverage	AchievedNormal_IsMonotoneInAuthority_AcrossTheWholeRange	Passed	1
coverage	AchievedNormal_ZeroAuthority_IsTheGeometricNormal	Passed	1
coverage	ActionOrdinal_IsAFixedRadixBijection_TTMDDET009	Passed	1
coverage	ActiveLayers_MaskReflectsLayerBits	Passed	1
coverage	AddBan_NearIntMaxValue_ThrowsOverflowException_EntryUnmodified	Passed	1
coverage	AddBan_NegativeMatches_Throws	Passed	1
coverage	AddYellow_AtIntMaxValue_ThrowsOverflowException_EntryUnmodified	Passed	1
coverage	AddYellow_CrossingThresholdWithBanNearIntMaxValue_ThrowsOverflowException_EntryUnmodified	Passed	1
coverage	AddingOrDroppingAModule_ChangesTheHash	Passed	1
coverage	AdvanceAndPlayNextRound_BeforeTheFixtureDay_FailsLoud	Passed	1
coverage	AdvanceAndPlayNextRound_EveryClubInTheRoundGainsExactlyOnePlayed	Passed	1
coverage	AdvanceAndPlayNextRound_MarksFixturesPlayedAndAppliesGoalsToTheTable	Passed	1
coverage	AdvanceAndPlayNextRound_NullProvider_FailsLoud	Passed	1
coverage	AdvanceAndPlayNextRound_PastTheLastRound_FailsLoud	Passed	1
coverage	AdvanceAndPlayNextRound_ResolvesEveryFixtureAndAdvancesTheCursor	Passed	1
coverage	AdvanceAndPlayNextRound_UnresolvableClub_FailsLoud	Passed	1
coverage	AdvanceAndPlayNextRound_WithADifferentProvider_FailsLoud	Passed	1
coverage	AdvanceDay_AGrowthBandYear_SpendsExactlyOnePoint	Passed	1
coverage	AdvanceDay_ASeedInsideTheGrowthRamp_CarriesAFraction_NotALostPoint	Passed	1
coverage	AdvanceDay_AWholeGrowthBandTraversal_GainsExactlyOnePointPerYear_AndLeavesNoResidue	Passed	1
coverage	AdvanceDay_AcrossAGap_MatchesDayByDay	Passed	1
coverage	AdvanceDay_AdvancesCalendarAndDecaysSalience	Passed	1
coverage	AdvanceDay_AtRetirementAge_FlagsButDoesNotRemove	Passed	1
coverage	AdvanceDay_AtTheBaselineAge_FlagsTheOutfielder_ButNotTheGoalkeeper	Passed	1
coverage	AdvanceDay_AtTheSentinelWorldDay_IsRefused	Passed	1
coverage	AdvanceDay_AtWorldDayZero_EachAgeBandAccruesItsOwnStepFromTheBootstrapAge	Passed	1
coverage	AdvanceDay_BackwardCall_DoesNotEvaluateRetirement	Passed	1
coverage	AdvanceDay_BackwardCall_DoesNotRegressTheCursor	Passed	1
coverage	AdvanceDay_BatchClubIdMismatchAtAnIndex_IsRefused_EvenWhenPlayerIdsAndLengthsAgree	Passed	1
coverage	AdvanceDay_BatchEntryUnbound_IsRefused	Passed	1
coverage	AdvanceDay_BatchMissingAClub_IsRefused	Passed	1
coverage	AdvanceDay_BatchWithAWrongPlayerCount_IsRefused	Passed	1
coverage	AdvanceDay_BatchWithAWrongPlayerId_IsRefused	Passed	1
coverage	AdvanceDay_BelowRetirementAge_DoesNotFlag	Passed	1
coverage	AdvanceDay_BelowTheBaselineAge_FlagsTheWeakReader_ButNotTheSharpOne	Passed	1
coverage	AdvanceDay_ExpiresArcsPastTheirLifetime	Passed	1
coverage	AdvanceDay_FirstCall_ReplaysFromTheSeedDay	Passed	1
coverage	AdvanceDay_NeutralBatch_IsAcceptedAndIsTheIdentity	Passed	1
coverage	AdvanceDay_OneDayBelowTheSentinel_StillAdvancesNormally	Passed	1
coverage	AdvanceDay_TwiceOnTheSameDay_IsANoOp	Passed	1
coverage	AdvanceDays_DrivesSlot1_AndEachPlayerAccruesHisOwnBandStep	Passed	1
coverage	AdvanceDays_LeavesTheWorldDigestUntouched	Passed	1
coverage	AdvanceDays_NegativeDays_FailsLoud	Passed	1
coverage	AdvanceDays_PastTheNextSeasonsOpeningDay_FailsLoudRatherThanStrandingTheCareer	Passed	1
coverage	AdvanceDays_PastThePendingFixtureDay_FailsLoud	Passed	1
coverage	AdvanceMedicalDay_NeverWritesAttributes	Passed	1
coverage	AdvanceMedicalDay_RecoversAnInjuredPlayerAndReleasesHim	Passed	1
coverage	AdvanceMedicalDay_WithTheDialOff_NeverInjuresAnyone	Passed	1
coverage	AdvanceMedicalDay_WithTheDialOn_DrawsInjuries	Passed	1
coverage	AdvanceState_SetsState_AndBoundsCheck	Passed	1
coverage	AdvanceToNextFixtureDay_AdvancesExactlyToTheFixtureDay	Passed	1
coverage	AdvanceToNextFixtureDay_SeasonComplete_FailsLoud	Passed	1
coverage	AdvanceToNextFixtureDay_WhenAlreadyOnTheDay_AdvancesNothing	Passed	1
coverage	AdvanceTo_EntryWhoseApplicationPointHasPassed_Throws	Passed	1
coverage	AdvanceTo_IsIncremental_AcrossRepeatedCalls	Passed	1
coverage	AdvanceTo_LeavesAnEntryStampedAtTheTargetTickPending	Passed	1
coverage	AdvanceTo_NullSession_Throws	Passed	1
coverage	AdvanceTo_ReStampsEachCommandAtItsRecordedTick	Passed	1
coverage	AdvanceTo_TargetBehindCurrentTick_Throws	Passed	1
coverage	AdvanceTrainingDay_AccruesConditioningForEveryPlayer	Passed	1
coverage	AdvanceTrainingDay_AgainstAnUnreconciledRoster_FailsLoud	Passed	1
coverage	AdvanceTrainingDay_IsIdempotentPerWorldDay	Passed	1
coverage	AdvanceTrainingDay_NeverWritesAttributes_TTRNEU002	Passed	1
coverage	AdvanceTrainingDay_OnBalanced_NeverAccruesTrainingFatigue	Passed	1
coverage	AdvanceTrainingDay_WithADayGap_FailsLoud	Passed	1
coverage	AdvancedOneRound_MovesCursorAndLeavesOriginalUnchanged	Passed	1
coverage	AdvancedStatline_RefusesAWrongSizedOrNegativeGrid	Passed	1
coverage	AdvancedStatline_RefusesXgWithoutAProducer	Passed	1
coverage	AdvancingTheSentinelDay_FailsLoud	Passed	2
coverage	AdvantageScalars_ConservativeNarrowsRelativeToFree	Passed	1
coverage	AffinityAndArchetypeTables_ShapeAndBounds	Passed	1
coverage	AfterFullTime_GameplayIsFrozen_BallAndAgentsUnchanged_ButTickAdvances	Passed	1
coverage	AfterStop_TheServerRefusesRatherThanActing	Passed	1
coverage	AfterValidPipeline_ControllerReceivesCommand	Passed	1
coverage	AfterValidPipeline_LastActionCarriesCorrectAgentId	Passed	1
coverage	AfterValidPipeline_LastActionHasValidType	Passed	1
coverage	AgeBandRampHalfWidthYears_IsNonNegative	Passed	1
coverage	AgeBandRampHalfWidthYears_LeavesTheTwoRampsDisjoint	Passed	1
coverage	AgeBands_AreStrictlyOrdered	Passed	1
coverage	AgeCurve_AtZeroHalfWidth_IsTheLiteralSection43Step_KD8	Passed	1
coverage	AgeCurve_BeyondTheRepresentabilityCeiling_StillDrains	Passed	1
coverage	AgeCurve_IsContinuousAcrossEveryEdge_AndNeverStepsMoreThanOneDay	Passed	1
coverage	AgeCurve_RedistributesAccrual_WithoutCreatingOrDestroyingAny_P5	Passed	1
coverage	AgeRiskFor_NegativeDials_FailLoud_TTMDAGE008	Passed	1
coverage	AgeRiskFor_WidensTheSubtraction_NoSignInversionAtAnExtremePivot	Passed	1
coverage	AgeTerm_AtZeroSpan_ReproducesThePreFixAssemblyExactly	Passed	1
coverage	AgeTerm_IsInsideTheSum_BeforeTheModifierScalingAndBeforeTheClamp_ERR041021	Passed	1
coverage	AgeTerm_IsZeroAtThePivot_AndLinearEitherSide_ERR041020	Passed	1
coverage	AgeTerm_SaturatesSymmetrically_AndRefusesACorruptAge	Passed	1
coverage	Age_IsDerivedFromBirthDay_IndependentOfCallHistory	Passed	1
coverage	AgentAttributes_ReadCorrectlyFromAgentState	NotExecuted	1
coverage	AgentBehindOpponentWall_IsPerceptionIsolated	NotExecuted	1
coverage	AgentHitsBall_BallCollisionHandlerCalled	NotExecuted	1
coverage	AgentMovementInterface_AgentProperties_FrozenAtInitiating	NotExecuted	1
coverage	Agents_BlendLinearly	Passed	1
coverage	Agents_NonFiniteAlpha_TakesTheNewerFrame	Passed	1
coverage	Agents_NullBuffers_FailLoud	Passed	1
coverage	Agents_RosterLengthChange_SnapsEverySlot	Passed	1
coverage	Agents_ShortDestination_FailsLoud	Passed	1
coverage	Agents_SnapTheSubstitutedSlotOnly	Passed	1
coverage	AggregateValueType_InstanceFieldCount_MatchesFieldsEqualTraversal(TacticalDirector.SeasonSave.BoardObjective,1)	Passed	1
coverage	AggregateValueType_InstanceFieldCount_MatchesFieldsEqualTraversal(TacticalDirector.SeasonSave.BoardState,2)	Passed	1
coverage	AggregateValueType_InstanceFieldCount_MatchesFieldsEqualTraversal(TacticalDirector.SeasonSave.Fixture,4)	Passed	1
coverage	AggregateValueType_InstanceFieldCount_MatchesFieldsEqualTraversal(TacticalDirector.SeasonSave.LeagueTableRow,9)	Passed	1
coverage	AggregateValueType_InstanceFieldCount_MatchesFieldsEqualTraversal(TacticalDirector.SeasonSave.SeasonCalendar,2)	Passed	1
coverage	AiManagerSetup_MatchesExplicitKickoffSelectionBeforeFirstTick	Passed	1
coverage	AiPhase_DrivesChain_GoalkeepersSkipped	Passed	1
coverage	AiPhase_RunsOnStrideTicks_Only	Passed	1
coverage	AimDirection_DistantGroundTarget_LaunchesUpwardNotAlongTheStraightLine	Passed	1
coverage	AimDirection_IsContinuousAcrossTheReachabilityBoundary	Passed	1
coverage	AimDirection_ReachableLevelTarget_MatchesHandDerivedLowAngle	Passed	1
coverage	AimDirection_TargetAboveReach_LaunchesVertically	Passed	1
coverage	AimDirection_UnreachableTarget_FallsBackToTheTrueMaxRangeLaunch	Passed	1
coverage	AimGeometry_MirrorsAboutTheHalfwayLine	Passed	1
coverage	AimNormal_DirectionOppositeTheIncident_IsDegenerate	Passed	1
coverage	AimNormal_IsAlwaysInTheForwardHemisphere_SoNoGeometricBoundIsNeeded	Passed	1
coverage	AimNormal_ReflectsIncidentIntoTheDesiredDirection	Passed	1
coverage	AimWithLaunchAngle_IsUnitVector_WithSinOfLaunchInZ	Passed	1
coverage	AimWithLaunchAngle_PlacementV_DoesNotDriveVertical	Passed	1
coverage	Airborne_BelowExitThreshold_WithDownwardVelocity_TransitionsToBouncing	Passed	1
coverage	Airborne_BelowExitThreshold_WithUpwardVelocity_StaysAirborne	Passed	1
coverage	Airborne_ContactAboveCatchThreshold_TransitionsToHandsOnBall	Passed	1
coverage	Airborne_ContactBelowCatchThreshold_TransitionsToRecovering	Passed	1
coverage	Airborne_FastDescent_Bounces_NoHoverDeadlock	Passed	1
coverage	Airborne_GroundReEntryNoContact_TransitionsToRecovering	Passed	1
coverage	AllFourOutcomesAreReachable	Passed	1
coverage	AllInstructionEnums_AreByteBacked	Passed	1
coverage	AllProfiles_MaxRunnersInAscendingOrder	Passed	1
coverage	AllScoredUtilities_InValidRange	Passed	1
coverage	AllSeededTierARows_HaveStructSizeEqualToSizeofT	Passed	1
coverage	AllSeededTierCRows_StructSizesAboveZero	Passed	1
coverage	AllTargetPositions_WithinPitchBounds	Passed	1
coverage	AllViewModels_AreValueTypes	Passed	1
coverage	AllZeroFatigue_IsDigestIdenticalToTheTwoArgumentOverload	Passed	1
coverage	Alpha_ClampsIntoZeroOne	Passed	1
coverage	Alpha_DegenerateInputs_FailToTheNewerFrame	Passed	1
coverage	Alpha_HalfwayThroughTheInterval_IsAHalf	Passed	1
coverage	Alpha_ScalesWithPlaybackSpeed_SoTheViewKeepsUpAt3x	Passed	1
coverage	AlreadyAdvancedDay_IsANoOp_TTMDDET005	Passed	1
coverage	AlreadyAdvancedDay_IsANoOp_TTRDET003	Passed	1
coverage	AnAppearanceAgesOutOfTheWindowExactly	Passed	1
coverage	AnIndexOffEitherEndIsRefusedRatherThanClamped	Passed	1
coverage	AnInjuredStarter_IsExcludedFromTheRecordedEleven	Passed	1
coverage	AnOversizedRequestLineIsDroppedRatherThanBuffered	Passed	1
coverage	AnalyticsPump_ProducesRealStatistics_NotAnEmptyShell	Passed	1
coverage	AnalyticsPump_SeesEveryTick_WhichTheAggregatorItselfEnforces	Passed	1
coverage	AnchorCalculator_BallRelativeOffset_AM_OutOfPoss_MatchesSpecExample	Passed	1
coverage	AnchorCalculator_ComputeAnchor_442LB_CorrectPosition	Passed	1
coverage	AnchorCalculator_GkSlot_AtCentreBall_ReturnsDepthPlusCentre	Passed	1
coverage	AnchorCalculator_GkSlot_BallInOpponentHalf_ClampedToOwnHalf	Passed	1
coverage	AnchorCalculator_GkSlot_BallLine_TracksTowardNearPost	Passed	1
coverage	AnchorCalculator_GkSlot_CentralBall_IsExactPreFixIdentity	Passed	1
coverage	AnchorCalculator_GkSlot_FarWideBall_BarelyMovesKeeper	Passed	1
coverage	AnchorCalculator_GkSlot_Lateral_ClampedInsideGoalMouth	Passed	1
coverage	AngularSeparation_TargetBehind_IsNormalisedToHalfCircle	Passed	1
coverage	AntiChaos_T_C_001_FourCandidatesInBallThirdOneDemotes	NotExecuted	1
coverage	AntiChaos_T_C_002_BacklineFloorBlocksPrimaryPressPromotion	NotExecuted	1
coverage	AntiChaos_T_C_003_CoverShadowBeyond25mRejectedAndDemoted	NotExecuted	1
coverage	AntiChaos_T_C_004_CascadingViolationsResolveInThreeIterations	NotExecuted	1
coverage	AntiChaos_T_C_005_UnresolvableCascadeTriggersF5Fallback	NotExecuted	1
coverage	AntiChaos_T_C_006_RepeatedF5FallbackDoesNotCorruptHysteresisState	NotExecuted	1
coverage	AntiChaos_T_C_007_BacklineBreachTriggersF5InOneIteration	NotExecuted	1
coverage	AntiChaos_T_DA_EXP_001_OffsideTrapNotSpringEarlyOnRunnerStart	NotExecuted	1
coverage	AntiChaos_T_DA_EXP_002_BallSwitchToUnguardedChannelCoveredWithinLatency	NotExecuted	1
coverage	AntiChaos_T_DA_EXP_003_LastManOneOnOneTackleIntentNotCommit	NotExecuted	1
coverage	AntiChaos_T_DA_EXP_004_GkOutOfPositionCoverAssignedSameTick	NotExecuted	1
coverage	AntiChaos_T_DA_INV_001_MinBacklineAgentsViolationDemotionRestoresBackline	NotExecuted	1
coverage	AntiChaos_T_DA_INV_002_MaxManMarkExceededLowestThreatDemoted	NotExecuted	1
coverage	AntiChaos_T_DA_INV_003_MaxMarkDisplacementExceededOverDisplacedDemoted	NotExecuted	1
coverage	Anticipate_SaveIntentCommitted_TransitionsToDiving	Passed	1
coverage	AnticipationAttribute_ReadCorrectlyForShoulderCheckInterval	NotExecuted	1
coverage	AppearanceWindowDays_SitsInsideTheBitmaskItIsReadThrough	Passed	1
coverage	AppendixB_FitnessWeek_ReproducesTheWorkedExample	Passed	1
coverage	AppliedAgentBallResponse_ReportsDeflection	Passed	1
coverage	AppliedBodyDeflection_ResetsOnlyPostDeflectionThreatenedKeeper_InSameResolve(0)	Passed	1
coverage	AppliedBodyDeflection_ResetsOnlyPostDeflectionThreatenedKeeper_InSameResolve(1)	Passed	1
coverage	ApplyAcceleration_AtTopSpeed_StaysAtTopSpeed	Passed	1
coverage	ApplyAcceleration_FromRest_StrictlyBetweenZeroAndTopSpeed	Passed	1
coverage	ApplyAcceleration_ResultClampedAtMaxSpeedClamp	Passed	1
coverage	ApplyCapturedFrame_AtFullTime_AutoPauses	Passed	1
coverage	ApplyCardAndCheckSentOff_FirstYellow_NotSentOff	Passed	1
coverage	ApplyCardAndCheckSentOff_SecondYellow_PromotesToRed_AndSendsOff	Passed	1
coverage	ApplyCardAndCheckSentOff_StraightRed_SendsOffImmediately	Passed	1
coverage	ApplyCard_Kind0_AddsExactlyOneYellow_NoBan	Passed	1
coverage	ApplyCard_Kind1_StraightRed_AddsBanOnly_NoYellow	Passed	1
coverage	ApplyCard_Kind1_SuccessfulCard_BanLands	Passed	1
coverage	ApplyCard_Kind255_Throws	Passed	1
coverage	ApplyCard_Kind2_SecondYellow_AddsOneYellowAndASecondYellowBan	Passed	1
coverage	ApplyCard_Kind2_SuccessfulCard_YellowAndBanBothLand	Passed	1
coverage	ApplyCard_Kind3_Throws	Passed	1
coverage	ApplyCurve_HighEffectivenessPresser_BendsTowardShadowLane	Passed	1
coverage	ApplyCurve_HigherEffectiveness_BendsMoreThanLowerEffectiveness	Passed	1
coverage	ApplyCurve_LowEffectivenessPresser_BarelyBends	Passed	1
coverage	ApplyCurve_NoCarrier_ReturnsUnchanged	Passed	1
coverage	ApplyCurve_NoEligibleReceiverNearCarrier_ReturnsUnchanged	Passed	1
coverage	ApplyDeceleration_BelowMinVelocity_ReturnsZero	Passed	1
coverage	ApplyDeceleration_HighDemand_CappedAtMaxAcceleration	Passed	1
coverage	ApplyDeceleration_IteratedStop_TerminatesWithinBoundedTime	Passed	1
coverage	ApplyDeceleration_LowSpeed_FlooredAtMinDeceleration	Passed	1
coverage	ApplyDeceleration_NormalDemand_UsesKinematicFormula	Passed	1
coverage	ApplyDefault_IsBehaviourNeutral_DigestUnchanged	Passed	1
coverage	ApplyDirectionalToAccelK_FractionalMult_AppliesSqrtScaling	Passed	1
coverage	ApplyDirectionalToAccelK_NegativeMult_ClampsToZeroWithoutNaN	Passed	1
coverage	ApplyDirectionalToAccelK_UnitMult_ReturnsKBase	Passed	1
coverage	ApplyEvent_NaNGate_FailsClosed	Passed	1
coverage	ApplyIdentity_IsBehaviourNeutral_DigestUnchanged	Passed	1
coverage	ApplyKick_ClearsPossession_PostPass	NotExecuted	1
coverage	ApplyKick_ZeroVelocityWhileElevated_RemainsAirborne	Passed	1
coverage	ApplyKickoff_PreservesHumanBaseline	Passed	1
coverage	ApplyKickoff_RoutesSelectedPresetThroughBootAppliers	Passed	1
coverage	ApplyKickoff_TwoManagers_DecideIndependently	Passed	1
coverage	ApplyResult_AwayOverflow_LeavesHomeRowUntouched	Passed	1
coverage	ApplyResult_AwayWin_UpdatesBothRowsExactly	Passed	1
coverage	ApplyResult_Draw_AwardsDrawPointsToBoth	Passed	1
coverage	ApplyResult_HomeWin_UpdatesBothRowsExactly	Passed	1
coverage	ApplyResult_MatchResultOverload_UpdatesBothRows	Passed	1
coverage	ApplyResult_NegativeGoals_Throws	Passed	1
coverage	ApplyResult_SelfFixture_Throws	Passed	1
coverage	ApplyResult_UnknownAwayClub_LeavesHomeRowUntouched	Passed	1
coverage	ApplyResult_UnknownClub_Throws	Passed	1
coverage	ApplySecondYellow_WithAValidBanLength_MatchesApplyCardsKind2Behaviour	Passed	1
coverage	ApplySecondYellow_WithAnInvalidBanLength_RefusesTheWholeCardAtomically	Passed	1
coverage	ApplyStraightRed_WithAValidBanLength_MatchesApplyCardsKind1Behaviour	Passed	1
coverage	ApplyStraightRed_WithAnInvalidBanLength_Throws	Passed	1
coverage	ApplyStrength_ShiftsEveryAttribute_ButLeavesWeakFootExactlyAlone	Passed	1
coverage	Apply_Fallback_AllRunnersConvertedWhenUnresolvable	Passed	1
coverage	Apply_MaxRunners_ExcessRunnersDemoted	Passed	1
coverage	Apply_MaxRunners_ShallowRunnerDemotedFirst	Passed	1
coverage	Apply_MinSupport_ShallowestRunnerDemotedToSupportBall	Passed	1
coverage	Apply_NullArguments_Throw	Passed	2
coverage	Apply_OwnHalfBlock_RunnerTargetInOwnHalfDemoted	Passed	1
coverage	Apply_RoutesEachAgentTactic	Passed	1
coverage	Apply_RoutesEachTeamTactic_Translated	Passed	1
coverage	ArmPassInFlight_RefusesATargetThatIsNotALiveTeamMate	Passed	1
coverage	AssemblyOverload_AgreesWithModuleOverload	Passed	1
coverage	AssemblyReferences_AreExactlyCurrentPhaseDependencies	Passed	1
coverage	Assign_StableAgent_StillReevaluated_TransitionsWhenPreferenceChanges	Passed	1
coverage	AttachTickObserver_IsSetOnce_AndPreStart	Passed	1
coverage	AttackDirective_Empty_AllFieldsDefault	Passed	1
coverage	AttackIntentSnapshot_Intents_BoundedToValidCount	Passed	1
coverage	AttackIntent_NonRunnerRole_NullRunParameters	Passed	1
coverage	AttackIntent_RunnerRole_CarriesRunParameters	Passed	1
coverage	AttackingState_FeedsSnapshotDigest	Passed	1
coverage	AttrIdx_Count_MatchesConstant	Passed	1
coverage	AttributeBounds_MirrorPlayerDatabase	Passed	1
coverage	AttributeConditioningBonus_IsDeterministicAndMonotone_TTRCON002	Passed	1
coverage	AvailableTransferBudget_IsReadOnly	Passed	1
coverage	Awareness_BuildsOverFirstTicks_ColdStart	NotExecuted	1
coverage	AwayTeamCarriers_MirrorHomeTeam	Passed	1
coverage	AwayTeamFormationSlots_MirrorHomeTeam	Passed	1
coverage	BM001_PerfectApproach_RunUpScoreNearMax	Passed	1
coverage	BM002_NinetyDegreeRunUp_ReducesScore	Passed	1
coverage	BM003_AgentAtBall_PlantFootScoreHigh	Passed	1
coverage	BM004_LargePlantFootOffset_ReducesScore	Passed	1
coverage	BM005_MovingAgent_ScoresHigherThanStationary	Passed	1
coverage	BM006_ExtremeInputs_ScoreAlwaysInUnitRange	Passed	1
coverage	BM007_PoorMechanicsHighPower_StumbleTriggered	NotExecuted	1
coverage	BM008_PoorMechanicsLowPower_NoStumble	Passed	1
coverage	BP001_BallWithinFov_IsImmediatelyVisible	Passed	1
coverage	BP002_BallOutsideFov_NotVisible_RetainsLastKnown	Passed	1
coverage	BP004_BallStaleness_IncrementsEachInvisibleTick	Passed	1
coverage	BP005_BallStaleness_ResetsOnRevisibility	Passed	1
coverage	BP006_LastKnownPosition_RetainedDuringInvisibility	Passed	1
coverage	BP007_CoLocatedBall_IsVisibleRegardlessOfFacing	Passed	1
coverage	BackwardMultiplier_EndpointsMatchConstants	Passed	1
coverage	BackwardPass_AwayPressing_NormalizesWorldTargetAtReadSite	Passed	1
coverage	BackwardPass_DoesNotFireForOwnTeamPasser	Passed	1
coverage	BackwardPass_DoesNotFireWhenPassIsForward	Passed	1
coverage	BackwardPass_FiresWhenDotBelowThreshold	Passed	1
coverage	BadTouch_DoesNotFireWhenQualityAboveThreshold	Passed	1
coverage	BadTouch_DoesNotFireWhenVelocityBelowThreshold	Passed	1
coverage	BadTouch_FiresWhenQualityLowAndVelocityHigh	Passed	1
coverage	BadTouch_OriginIsCarrierNotOtherAgent	Passed	1
coverage	Balance_HighFinishingStriker_SelectsShoot_InAttackingThird	NotExecuted	1
coverage	Balance_HighPressing_IncreasesPressBehaviorShare	NotExecuted	1
coverage	Balance_LowComposure_ShowsHigherSelectionVariance	NotExecuted	1
coverage	Balance_ShortPassing_SelectsShortPassMoreOften	NotExecuted	1
coverage	BalancedOrdinalOffPinnedMidpoint_FailsLoud	Passed	1
coverage	BalancedOrdinalSectionNotBalanced_FailsLoud	Passed	1
coverage	BalancedPreset_IsTeamTacticBalancedVerbatim	Passed	1
coverage	BallContactForcedRefresh_ReachesCorrectAgentsOnly	NotExecuted	1
coverage	BallDisplacement_MidQuality_ActualDirectionIsBlendedBetweenBoth	Passed	1
coverage	BallDisplacement_NearZeroBlendMagnitude_FallsBackToIncomingDir	Passed	1
coverage	BallDisplacement_NewBallPositionZ_EqualsBallRadius	Passed	1
coverage	BallDisplacement_NewBallVelocitySpeed_CappedAtTouchMaxBallSpeed	Passed	1
coverage	BallDisplacement_NewBallVelocityZ_AlwaysZeroOnGroundTouch	Passed	1
coverage	BallDisplacement_PerfectQuality_ActualDirectionMatchesIntended	Passed	1
coverage	BallDisplacement_PitchBoundaryEnforcement_XAxisClamped	Passed	1
coverage	BallDisplacement_PitchBoundaryEnforcement_YAxisClamped	Passed	1
coverage	BallDisplacement_ZeroQuality_ActualDirectionMatchesIncoming	Passed	1
coverage	BallEventType_OrdinalsAreStable	Passed	1
coverage	BallPhysicsInterface_ApplyKick_CalledWithValidArguments	NotExecuted	1
coverage	BallPosition_3DTo2DProjection_Correct	NotExecuted	1
coverage	BallRelativeOffset_BallAtOwnHalf_AMRetreats	Passed	1
coverage	BallRelativeOffset_BallInAttackingThird_WingerAdvances	Passed	1
coverage	BallRelativeOffset_OutputClamped_NeverExceedsRangeX	Passed	1
coverage	BallRelativeOffset_OutputClamped_NeverExceedsRangeY	Passed	1
coverage	BallSpin_FeedsSnapshotDigest	Passed	1
coverage	BallStateType_OrdinalsAreStable	Passed	1
coverage	BallZone_AwayAgent_BallNearHomeGoal_IsAttacking	Passed	1
coverage	BallZone_EqualThirds_AreSymmetricUnderMirroring	Passed	1
coverage	BallZone_IsMeasuredFromEachTeamsOwnGoalLine	Passed	1
coverage	Ball_BlendsLinearly	Passed	1
coverage	Ball_DroppedFromHeight_FallsThroughPhysicsSeam	Passed	1
coverage	Ball_MovementJustUnderTheSnapThresholdStillBlends	Passed	1
coverage	Ball_NonFinitePosition_TakesTheNewerFrame	Passed	1
coverage	Ball_SnapsAcrossARestartTeleport_RatherThanGlidingTheLengthOfThePitch	Passed	1
coverage	BanMatchesPlus_ExactlyReachesIntMaxValue_DoesNotThrow	Passed	1
coverage	BanMatchesPlus_WithinRange_ReturnsSum	Passed	1
coverage	BanMatchesPlus_WouldOverflow_ThrowsOverflowNamedMessage	Passed	1
coverage	BanMatchesPlus_ZeroMatches_NeverThrowsRegardlessOfExistingTotal	Passed	1
coverage	Bans_StackAdditively_AcrossMultipleSources	Passed	1
coverage	BaseRosters_AreDeterministic	Passed	1
coverage	BaseRosters_AreFieldableAndDistinct	Passed	1
coverage	BeforeAnyFrame_HasFrameIsFalse	Passed	1
coverage	BeforeAnyRestart_TheFrameReportsNone	Passed	1
coverage	BeforeBoundary_NeitherTransitionFires	Passed	1
coverage	BeforeTheFirstFrameEverythingMatchFacingIsLocked_WithItsOwnReason	Passed	1
coverage	BeginNextSeason_RejectsCalendarMappingNoRounds	Passed	1
coverage	BeginNextSeason_RejectsCalendarShorterThanTheSchedule	Passed	1
coverage	BeginNextSeason_RejectsFixtureNamingAClubOutsideTheSet	Passed	1
coverage	BeginNextSeason_RejectsMismatchedFixtureCount	Passed	1
coverage	BeginNextSeason_ResetsTableAndAdvancesCounters	Passed	1
coverage	BeginPhase_ResetsIntraPhaseDrawIndex	Passed	1
coverage	BeginPhase_SetsCurrentPhase	Passed	1
coverage	BeginSession_IncompleteManifest_Throws	Passed	1
coverage	BeginSession_Null_Throws	Passed	1
coverage	BeginSession_WhileOpen_Throws	Passed	1
coverage	BeginTick_SetsTick_InLedger	Passed	1
coverage	BenchDepthExtremis_ReinstatesACandidateTheSelectorBenches_NotTheEarliestOnTheRoster	Passed	1
coverage	BenchDepthExtremis_TheReinstatedSuspendedPlayer_StillServesHisBan	Passed	1
coverage	BetterTacklerFoulsLess_AndMoreAggressiveTacklerFoulsMore	Passed	1
coverage	BinarySearchLookup_FindsEveryInsertedKey	Passed	1
coverage	Bind_AfterFirstRead_Throws	Passed	1
coverage	Bind_BeforeFirstRead_TakesEffect	Passed	1
coverage	Bind_Null_Throws	Passed	1
coverage	BindsAnEphemeralLoopbackPort	Passed	1
coverage	BlendAlpha_PlusComplement_SumsToOne	Passed	1
coverage	BlindSide_IsStrictComplementOfFoV	Passed	1
coverage	Blocks_RoundTripThroughBothCodecs	Passed	1
coverage	BoardObjective_RejectsNonPositiveObservedPosition	Passed	1
coverage	BoardObjective_RejectsNonPositiveTarget	Passed	1
coverage	BoardTrigger_NoEdge_SpawnsPinlessArc	Passed	1
coverage	BodyPart_OrdinalsAreStable	Passed	1
coverage	BootShowsMainMenu	Passed	1
coverage	Boot_PublishOnePerSpec_DrainTick_SerializeLedger_DigestStable	NotExecuted	1
coverage	BootstrapSquadUniverse_ExactlyMatchesSeasonFinanceCoherenceUniverse	Passed	1
coverage	BothOutcomesOccur_TheBallIsSometimesWonAndSometimesKnockedLoose	Passed	1
coverage	BothTeams_ScoreTheirOwnMirroredPositionsIdentically	Passed	1
coverage	Bounce_Backspin_Bites	Passed	1
coverage	Bounce_DryGrass_ReturnsExpectedHeight	Passed	1
coverage	Bounce_PositionClampedToGroundLevel	Passed	1
coverage	Bounce_SpinRetentionApplied	Passed	1
coverage	Bounce_Topspin_KicksForward	Passed	1
coverage	Bounce_WetGrass_HigherRebound_ThanDryGrass	Passed	1
coverage	BouncingBall_LosesEnergyMonotonically	Passed	1
coverage	BouncingBall_SettlesWithinReasonableTime	Passed	1
coverage	Bouncing_HighRebound_TransitionsToAirborne	Passed	1
coverage	Bouncing_LowRebound_TransitionsToRolling	Passed	1
coverage	BoundaryExit_ReportsTheThrowInCue	Passed	1
coverage	Boundary_AirborneBallInsideGoalMouth_IsGoal	Passed	1
coverage	Boundary_AirborneBallOverTouchline_IsThrowIn	Passed	1
coverage	Boundary_AirborneBallWideOfThePosts_IsNotAGoal	Passed	1
coverage	Boundary_BallCrossesTouchline_ReturnsThrowIn	Passed	1
coverage	Boundary_BallEntersGoal_ReturnsKickoff	Passed	1
coverage	Boundary_BallOverTheCrossbar_IsNotAGoal	Passed	1
coverage	Boundary_HalfwayLine_CentreCircleAndSpot_AreTheFirstFour	Passed	1
coverage	Boundary_HighBallOverPitchInterior_StaysInPlay	Passed	1
coverage	BuildDrawables_ReturnsTheDeclaredCount	Passed	1
coverage	BuildHash_IsTheHashOfTheDeclaredClosureAndIsStable	Passed	1
coverage	BuildPlan_AWindowIsExactlyTheSliceOfTheContiguousPlan	Passed	1
coverage	BuildPlan_AdjacentWindowsTileTheBucketWithoutOverlap	Passed	1
coverage	BuildPlan_DefaultOverloadIsTheWindowStartingAtZero	Passed	1
coverage	BuildPlan_NeverPairsARosterWithItself	Passed	1
coverage	BuildPlan_RejectsDegenerateArguments	Passed	1
coverage	BuildPlan_SeedsAreDistinctWithinAndAcrossBuckets	Passed	1
coverage	BuildPlan_SplitsTheTargetDeltaExactly	Passed	1
coverage	BuildPlan_UsesMoreThanOnePairingAcrossABucket	Passed	1
coverage	BuildSquadPositionTemplate_MatchesTheCataloguedCountsAndFillsASquad	Passed	1
coverage	BuildStrengthRanks_IsAPermutation	Passed	1
coverage	BuildUpSettledTeamAndSuppression_FeedSnapshotDigest	Passed	1
coverage	BuildUpStructure_OrdinalsAreStable	Passed	1
coverage	BuildUp_BackThreeOwnThird_AppliesExactCatalogueOffsets	Passed	1
coverage	BuildUp_GatedOff_OutOfPhase_Suppressed_FinalThird	Passed	1
coverage	BuildUp_NoneDial_IsExactIdentity	Passed	1
coverage	Build_ExcludesBallCarrier	Passed	1
coverage	Build_ExcludesGoalkeeper	Passed	1
coverage	Build_IsDeterministic	Passed	1
coverage	Build_IsIdempotent_SoAHudMayCallItEveryFrame	Passed	1
coverage	Build_MapsAreSnapshots_NotWindowsOntoTheLiveAccumulator	Passed	1
coverage	Build_ReturnsMinus1OnSentinelSlot	Passed	1
coverage	Build_ReturnsTheDeclaredCount	Passed	1
coverage	Build_SortsPoolByEntityIdAscending	Passed	1
coverage	CalculateAerobicModifier_AboveThreshold_ReturnsOne	Passed	1
coverage	CalculateAerobicModifier_BelowThreshold_LinearInterp	Passed	1
coverage	CalculateBaseAccelK_EndpointsMatchConstants	Passed	1
coverage	CalculateBaseTopSpeed_OutOfRange_ClampsAtEndpoints	Passed	1
coverage	CalculateBaseTopSpeed_PaceMax_ReturnsTopSpeedMax	Passed	1
coverage	CalculateBaseTopSpeed_PaceMin_ReturnsTopSpeedMin	Passed	1
coverage	CalculateDirectionalMultiplier_BackwardBlend_InterpolatesBetweenLateralAndBackward	Passed	1
coverage	CalculateDirectionalMultiplier_BackwardZone_ReturnsBackwardMult	Passed	1
coverage	CalculateDirectionalMultiplier_ForwardBlend_InterpolatesBetweenOneAndLateral	Passed	1
coverage	CalculateDirectionalMultiplier_ForwardZone_ReturnsOne	Passed	1
coverage	CalculateDirectionalMultiplier_LateralZone_ReturnsLateralMult	Passed	1
coverage	CalculateGroundedDwell_DefaultAttrs_MaxForce_Returns2Seconds	Passed	1
coverage	CalculateGroundedDwell_DefaultAttrs_ZeroForce_ReturnsBaseTimesCollisionDwellMin	Passed	1
coverage	CalculateGroundedDwell_ForceAbove1_Clamps01InFormula	Passed	1
coverage	CalculateGroundedDwell_MaxAttrs_ProducesFiniteDwellAtLeastMinClamp	Passed	1
coverage	CalculateGroundedDwell_MinAttrs_ClampedAtMax	Passed	1
coverage	CalculateGroundedDwell_SlidingTackle_AppliesReasonMultiplier	Passed	1
coverage	CalculateLeanAngle_ExtremeCentripetal_ClampedWithSignPreserved	Passed	1
coverage	CalculateLeanAngle_ZeroTurnRate_ReturnsZero	Passed	1
coverage	CalculateMaxTurnRate_ExtremeSpeed_ClampedAtFloor	Passed	1
coverage	CalculateMaxTurnRate_Grounded_ClampedAtFloor	Passed	1
coverage	CalculateMaxTurnRate_HigherSpeed_StrictlyLowerRate	Passed	1
coverage	CalculateMaxTurnRate_ZeroSpeed_NearTurnRateBase	Passed	1
coverage	CalculateStoppingDistance_ControlledMode_HitsEndpoints	Passed	1
coverage	CalculateStoppingDistance_EmergencyMode_HitsEndpoints	Passed	1
coverage	CalculateStumbleDwell_DefaultBalance_InClampRange	Passed	1
coverage	CalculateStumbleDwell_MaxBalance_BetweenClamps	Passed	1
coverage	CalculateStumbleDwell_MinBalance_ClampedAtMax	Passed	1
coverage	CanSelect_AgreesWithSelect_OnEverySquadShape(F4231)	Passed	1
coverage	CanSelect_AgreesWithSelect_OnEverySquadShape(F433)	Passed	1
coverage	CanSelect_AgreesWithSelect_OnEverySquadShape(F442)	Passed	1
coverage	CancelTacticsSetup_OffTacticsSetup_Throws	Passed	1
coverage	CancelTacticsSetup_ReturnsToMainMenu	Passed	1
coverage	CandidateCapture_IgnoresContactsBelowTheThreshold	Passed	1
coverage	CandidateCapture_KeepsTheStrongestContactInATick	Passed	1
coverage	Canonical_FeedsKickoffScoringIdentically	Passed	1
coverage	Canonical_RoundTripsDeepEqualToDefaultCatalogue	Passed	1
coverage	CapFallbackExtremis_BeyondTheCandidateCap_StillTerminatesAndFieldsASquad	Passed	1
coverage	CaptureSave_DrainsTheQueueBeforeCapturing	Passed	1
coverage	CaptureSave_WhilePaused_StillCaptures	Passed	1
coverage	CapturedFrame_CarriesOneCuePerAgent_InLockstepWithPositions	Passed	1
coverage	CapturedFrame_CarriesPerTeamSubstitutionCounts	Passed	1
coverage	CapturedFrame_CarriesTheDerivedPeriod	Passed	1
coverage	CapturedHeader_CarriesTheLiveBuildHash	Passed	1
coverage	CardBeforeSubstitution_AttributesToOutgoing_CardAfter_AttributesToIncoming	Passed	1
coverage	CardKind3_ThrowsAtObserveTick_NotDeferredToCommit	Passed	1
coverage	CardSeverityRngCursor_FeedsSnapshotDigest	Passed	1
coverage	Card_AttributesToTheOccupantOfRecipient	Passed	1
coverage	Card_ForAnAgentIdWithNoPlayerOccupancy_Throws	Passed	1
coverage	Card_ForAnOutOfRangeAgentId_Throws	Passed	1
coverage	Cards_SecondYellowDismissal_CountsAsBothAYellowAndARed	Passed	1
coverage	Cards_SplitYellowFromRedByCardKind	Passed	1
coverage	Cards_WithAnUnknownKind_ThrowsAndNamesTheKind	Passed	1
coverage	CarrierBalanceHelpsHimRetainTheBall	Passed	1
coverage	Catalogue_EveryRow_SatisfiesOffsetBound	Passed	1
coverage	Catalogue_FinalThird_IsAllZero_ByRule	Passed	1
coverage	Catalogue_LadderOrderIsPinned_DefensiveToAttacking	Passed	1
coverage	Catalogue_LateralSign_ResolvesTowardCentre	Passed	1
coverage	Catalogue_None_IsExactZero_ForEveryCombination	Passed	1
coverage	Catalogue_RowKeys_HitEveryFamily_Err024001Regression	Passed	1
coverage	Catalogue_WorkedExample_BackThreeOwnThird_LeftBackTucks	Passed	1
coverage	CertifiedBaseline_BuildsCompleteRecord	Passed	1
coverage	CertifiedKickoffBaseline_BuildsRecord	Passed	1
coverage	CertifiedKickoffRecord_FlowsThroughPerfGate_SelfComparePasses	Passed	1
coverage	CertifiedRecord_FlowsThroughPerfGate_SelfComparePasses	Passed	1
coverage	Certified_RejectsDegenerateMetrics	Passed	1
coverage	Certified_RejectsIncompleteManifest	Passed	1
coverage	ChallengesAreBoundedAbove_NotJustNonZero	Passed	1
coverage	ChallengesOccurForBothDefendingTeams	Passed	1
coverage	ChipPass_ApplyKick_VelocityYLarge	NotExecuted	1
coverage	Claim_ParksTheBall_AndDoesNotKickIt	Passed	1
coverage	ClampToPitch_RespectsBufferedBounds	Passed	1
coverage	ClampVelocity_AboveCap_RescalesToMaxPreservingDirection	Passed	1
coverage	ClampVelocity_BelowCap_PreservesVelocity	Passed	1
coverage	Clamp_IsSymmetricAtTheFarCorner	Passed	1
coverage	Clamp_KeepsTheViewOnThePitchAtACorner	Passed	1
coverage	Clamp_LeavesAnInteriorTargetAlone	Passed	1
coverage	Clamp_RejectsInvertedRange	Passed	1
coverage	Clamp_ViewWiderThanThePitch_CentresRatherThanOscillating	Passed	1
coverage	Classifier_FinalThirdHysteresis_HoldsAboveT2MinusH	Passed	1
coverage	Classifier_LongBall_JumpsDirectlyToFinalThird	Passed	1
coverage	Classifier_NonFiniteX_HoldsCommittedZonePerF1	Passed	1
coverage	Classifier_RawZone_ThresholdsAreThirds	Passed	1
coverage	Classifier_WorkedExample_HysteresisHoldsAndCommits	Passed	1
coverage	ClassifyAgeBand_ReadsTheContinuousCurve_NotAFixedEdge	Passed	1
coverage	CleanShareHasAPlateauAgainstAnEliteCarrier_RECORDED_NOT_FIXED	Passed	1
coverage	CleanTick_DoesNotLatch	Passed	1
coverage	ClearFrameBuffer_ResetsDuelCount	Passed	1
coverage	ClearRushIntent_BeforeLaunch_DisarmsSoTheKeeperNeverSetsOff	Passed	1
coverage	ClearRushIntent_MidRush_IsANoOp	Passed	1
coverage	ClearSaveIntent_ClearsDetectionStamp	Passed	1
coverage	ClearSaveIntent_MidDive_PreservesStamp	Passed	1
coverage	ClearSession_WhenEmpty_IsIdempotent	Passed	1
coverage	ClearSession_WhenPlaybackIsRunning_StopsAndClears	Passed	1
coverage	ClearingScreen_StartsReactionClockAtReveal_NotAtRawThreatOnset(0)	Passed	1
coverage	ClearingScreen_StartsReactionClockAtReveal_NotAtRawThreatOnset(1)	Passed	1
coverage	Clone_IsDeep	Passed	1
coverage	Clone_IsDeepAcrossFixturesAndTable	Passed	1
coverage	CloseChanceDiagnostic_ReportsFinalThirdToBoxFunnel	NotExecuted	1
coverage	Closer_IsAlwaysWorthMore_AlongTheCentralLine	Passed	1
coverage	ClosingOnTheBallConnectsMoreOftenThanReachingAtFullStretch	Passed	1
coverage	ClubAt_OutOfRange_Throws	Passed	1
coverage	ClubNameCatalogue_CoversTheCapAndHasNoDuplicates	Passed	1
coverage	Club_RefusesNegativeIdOrEmptyName	Passed	1
coverage	Codec_BadMatchPresentFlag_FailsLoud	Passed	1
coverage	Codec_DefaultTrainingOrMedicalBlock_Throws	Passed	1
coverage	Codec_EmptyWorldBlob_RoundTrips	Passed	1
coverage	Codec_FrameBlocksSitInTheirPinnedOrder	Passed	1
coverage	Codec_NullBlob_Decode_Throws	Passed	1
coverage	Codec_NullBlob_Throws	Passed	1
coverage	Codec_NullFingerprint_RoundTripsToNull	Passed	1
coverage	Codec_NullOrDefaultFinanceBlock_Throws	Passed	1
coverage	Codec_NullTrainingOrMedicalBlob_Throws	Passed	1
coverage	Codec_NullWorldBlob_Throws	Passed	1
coverage	Codec_OversizePayloadLength_FailsLoud	Passed	1
coverage	Codec_OversizeWorldLength_FailsLoud	Passed	1
coverage	Codec_PreT1FrameVersions_FailLoud	Passed	1
coverage	Codec_RefusesABlobCarryingAnEmptyBuildHash	Passed	1
coverage	Codec_RefusesAForeignBlock_ByMagicNotShape	Passed	1
coverage	Codec_RefusesAStaleFormatVersion	Passed	1
coverage	Codec_RefusesToEncodeAHeaderWithoutABuildHash	Passed	1
coverage	Codec_RefusesTrailingBytes_AndUnorderedIds	Passed	1
coverage	Codec_RoundTripsFieldIdentically	Passed	1
coverage	Codec_RoundTripsTheBuildHash	Passed	1
coverage	Codec_RoundTrips_NoMatch	Passed	1
coverage	Codec_RoundTrips_SeedHeaderPayload	Passed	1
coverage	Codec_RoundTrips_WithMatch	Passed	1
coverage	Codec_TamperedFingerprint_RestoreFailsLoud	Passed	1
coverage	Codec_TrailingBytes_FailsLoud	Passed	2
coverage	Codec_TruncatedBlob_FailsLoud	Passed	1
coverage	Codec_TruncatedFinanceBlock_FailsLoud	Passed	1
coverage	Codec_TruncatedMatchBlock_FailsLoud	Passed	1
coverage	Codec_TruncatedTrainingBlock_FailsLoud	Passed	1
coverage	Codec_WrongFormatVersion_FailsLoud	Passed	2
coverage	ColdSummary_RehydrationResumesEpisodeIdHighWaterMark	Passed	1
coverage	CollisionInterface_TackleInterruptDuringContact_DoesNotCancel	NotExecuted	1
coverage	CollisionInterface_TackleInterruptDuringWindup_CancelsShot	NotExecuted	1
coverage	CollisionToFirstTouchToBallPhysics_CompletePipeline	NotExecuted	1
coverage	Collision_SeparatesOverlappingAgents_InResolvePhase	Passed	1
coverage	CommentsAndBlankLines_AreIgnored	Passed	1
coverage	CommitCap_OneRotationPerTeamPerHeartbeat	Passed	1
coverage	CommitLead_CentralBall_IsFlooredNotZero	Passed	1
coverage	CommitLead_FullNeed_IsWholeDiveDuration	Passed	1
coverage	CommitLead_ScalesLinearlyBetweenFloorAndFull	Passed	1
coverage	CommitRosterSync_WithADefaultPlan_FailsLoud	Passed	1
coverage	CommitRosterSync_WithAStalePlan_FailsLoud	Passed	1
coverage	Commit_ArrivalBeyondLead_Holds	Passed	1
coverage	Commit_ArrivalInsideLead_CommitsNow	Passed	1
coverage	Commit_CentralFastBall_HoldsUntilFlooredLead	Passed	1
coverage	Commit_NonClosingBall_NeverCommits	Passed	1
coverage	Commit_NullRules_Throws	Passed	1
coverage	Commit_Twice_Throws	Passed	1
coverage	Commit_WithAnInvalidAccumBan_RefusesBeforeApplyingAnyCard	Passed	1
coverage	Commit_WithAnInvalidBanLength_RefusesBeforeApplyingAnyCard	Passed	1
coverage	Commit_WithAnInvalidStraightRedBan_RefusesBeforeApplyingAnyCard	Passed	1
coverage	Commit_WithAnInvalidYellowThreshold_RefusesBeforeApplyingAnyCard_AndLeavesTheFoldUncommitted	Passed	1
coverage	CommittedRush_LaunchesAndMovesTheKeeperOffHisLine(0)	Passed	1
coverage	CommittedRush_LaunchesAndMovesTheKeeperOffHisLine(1)	Passed	1
coverage	ComposedEngine_CommittedRush_MovesTheKeeperOffHisLineAndTerminates(0)	Passed	1
coverage	ComposedEngine_CommittedRush_MovesTheKeeperOffHisLineAndTerminates(1)	Passed	1
coverage	ComposedEngine_KeeperSentOffMidRush_StopsDead(0)	Passed	1
coverage	ComposedEngine_KeeperSentOffMidRush_StopsDead(1)	Passed	1
coverage	ComposedEngine_SubstituteKeeper_DoesNotInheritTheDismissedKeepersRush(0)	Passed	1
coverage	ComposedEngine_SubstituteKeeper_DoesNotInheritTheDismissedKeepersRush(1)	Passed	1
coverage	ComposedEngine_SweptLooseBall_DoesNotReArmTheRushForever(0)	Passed	1
coverage	ComposedEngine_SweptLooseBall_DoesNotReArmTheRushForever(1)	Passed	1
coverage	ComposedEngine_TeammateGoalSideOfTheBall_CommitsNothing(0)	Passed	1
coverage	ComposedEngine_TeammateGoalSideOfTheBall_CommitsNothing(1)	Passed	1
coverage	ComposedEngine_UnopposedLooseBallInTheBox_CommitsARushAndLaunchesIt(0)	Passed	1
coverage	ComposedEngine_UnopposedLooseBallInTheBox_CommitsARushAndLaunchesIt(1)	Passed	1
coverage	Composition_DrivesAHeaderThroughToContact	Passed	1
coverage	ComputeApexFrame_NonZeroStart_OffsetByStart	Passed	1
coverage	ComputeApexFrame_RejectsFrameOverflow	Passed	1
coverage	ComputeApexFrame_RejectsNegativeStart	Passed	1
coverage	ComputeApexFrame_ZeroStart_EqualsRoundedHalfPhaseDuration	Passed	1
coverage	ComputeBaseScore_MaxAttributes_EqualsWeightSum	Passed	1
coverage	ComputeBaseScore_MinAttributes_IsPositive	Passed	1
coverage	ComputeBaseScore_WeightedFormulaMatchesExpected	Passed	1
coverage	ComputeCA_Neutral_IsDeterministicAndRecomputeEqualsStored	Passed	1
coverage	ComputeCA_PositionWeighting_EmphasisesSignatureAttributes	Passed	1
coverage	ComputeCurveEffectiveness_ClampsToUnitRange	Passed	1
coverage	ComputeCurveEffectiveness_IsAttributeAverageOverScaleMax	Passed	1
coverage	ComputeEffectiveRadius_CounterProfile_AppliesFloor	Passed	1
coverage	ComputeEffectiveRadius_PossessionWiderThanDirect	Passed	1
coverage	ComputeHeadZ_AtApex_EqualsJumpReach	Passed	1
coverage	ComputeHeadZ_AtJumpStart_IsNearZero	Passed	1
coverage	ComputeHeadZ_AtLandingFrame_IsNearZero	Passed	1
coverage	ComputeHeadZ_Monotone_FallingAfterApex	Passed	1
coverage	ComputeHeadZ_Monotone_RisingBeforeApex	Passed	1
coverage	ComputeHeadZ_OutsideWindow_ReturnsZero	Passed	1
coverage	ComputeLandingFrame_RejectsFrameOverflow	Passed	1
coverage	ComputeLandingFrame_RejectsNegativeStart	Passed	1
coverage	ComputeOffsideLineX_FewerThanTwoActiveDefenders_ReturnsNaN_TeamOne	Passed	1
coverage	ComputeOffsideLineX_FewerThanTwoActiveDefenders_ReturnsNaN_TeamZero	Passed	1
coverage	ComputeOffsideLineX_SentOffAndOpponents_Excluded	Passed	1
coverage	ComputeOffsideLineX_TeamOne_ReturnsSecondNearestToOwnGoal_HighX	Passed	1
coverage	ComputeOffsideLineX_TeamZero_ReturnsSecondNearestToOwnGoal	Passed	1
coverage	ComputeReactionLabel_JustAboveReflexiveThreshold_IsReflexive	Passed	1
coverage	ComputeReactionLabel_JustBelowSluggishThreshold_IsSluggish	Passed	1
coverage	ComputeTrainingInput_DialOff_IsExactlyNeutral_TTRNEU001	Passed	1
coverage	Condition_ClampsAtBothBounds_AndRestLowersFatigue_TTRCON001	Passed	1
coverage	ConfigureManager_GatesFailLoud	Passed	1
coverage	ConfigureSquads_AfterFirstTick_Throws	Passed	1
coverage	ConfigureSquads_InvalidAwaySquad_LeavesHomeUnapplied	Passed	1
coverage	ConfigureSquads_NullSquad_Throws	Passed	1
coverage	ConfigureSquads_OutOfRangeAttribute_Throws_AndLeavesEngineUntouched	Passed	1
coverage	ConfigureSquads_RoutesDistinctRecord_ToEveryPerSlotSurface	Passed	1
coverage	ConfigureSquads_TooSmallSquad_Throws	Passed	1
coverage	ConfigureSquads_WeakFootOutOfRange_Throws	Passed	1
coverage	ConfiguredDefaultSquad_CapturesRosterIdentity_DivergesFromUnconfiguredAtTick1	Passed	1
coverage	ConfiguredDefaultSquad_IsBehaviourNeutral_ObservableStateMatchesUnconfigured	Passed	1
coverage	ConfiguredDefaultSquads_SameClubIds_AreDeterministic	Passed	1
coverage	ConfiguredSquads_DistinctClubIds_DivergeAtTick1	Passed	1
coverage	Conformance_T_HE_C_001_NoHeaderTypeSymbolInSrc	NotExecuted	1
coverage	Conformance_T_HE_C_002_ConstantTagVerification	NotExecuted	1
coverage	Conformance_T_HE_C_003_RngRoutingDisciplineNoSystemRandom	NotExecuted	1
coverage	ConsecutiveTouches_OneTwoPass_BothEvaluateCorrectly	NotExecuted	1
coverage	ConservativeDial_RaisesTheAdvantageBar	Passed	1
coverage	Const001_VAbsoluteMin_LessThanVCeiling	Passed	1
coverage	Const002_VAbsoluteMax_EqualsVCeiling	Passed	1
coverage	Const003_ContactZoneModifiers_Ordered	Passed	1
coverage	Const004_BodyMechanicsWeights_SumToOne	Passed	1
coverage	Const005_MinErrorAngle_PositiveFloor	Passed	1
coverage	Const006_SpinVelocityTradeOff_InOpenUnitInterval	Passed	1
coverage	Const007_LaunchAngleBounds_Valid	Passed	1
coverage	Const008_WeakFootRatingRange_PositiveInvariant	Passed	1
coverage	ConstantCatalogue_SatisfiesRequiredInvariants	Passed	1
coverage	Constants_AiPhaseStride_Is6	Passed	1
coverage	Constants_DerivedFovValues_AreCorrect	Passed	1
coverage	Constants_Family4231_LineCutsMatch_Spec	Passed	1
coverage	Constants_Family433_LineCutsMatch_Spec	Passed	1
coverage	Constants_FovRange_SatisfiesSpecInvariants	Passed	1
coverage	Constants_FrameSeconds_IsFrameMsOverThousand	Passed	1
coverage	Constants_GetFormationSlots_InvalidFamily_ReturnsFallback442	Passed	1
coverage	Constants_LrecBounds_LMinLessThanLMax	Passed	1
coverage	Constants_OcclusionGeometry_ArePositive	Passed	1
coverage	Constants_PerformanceBudget_ValuesMatchSpec	Passed	1
coverage	Constants_SentinelNoSlot_IsNegativeInfinity	Passed	1
coverage	Constants_SeparationSqIsSquareOfSeparation	Passed	1
coverage	Construct_EmptyScheduleWithUnsetCalendar_FailsLoud	Passed	1
coverage	ConstructionDayCredit_InsideARamp_IsTheContinuousStep_NotTheRetiredBandStep	Passed	1
coverage	Construction_WiresTheSquadAttributeViewIntoEveryDecisionTree	Passed	1
coverage	ConstructorGuardsFailLoud	Passed	1
coverage	Constructor_AllNonNegative_Succeeds	Passed	1
coverage	Constructor_AtClubSquadSize_Builds	Passed	1
coverage	Constructor_CompletedSeason_IsAcceptedAtAnyWorldDay	Passed	1
coverage	Constructor_DoesNotAliasCallerArrays	Passed	1
coverage	Constructor_EmptyOccupancySeed_Throws	Passed	1
coverage	Constructor_EmptyPlayers_ThrowsArgument	Passed	1
coverage	Constructor_ExceedsClubSquadSize_ThrowsArgument	Passed	1
coverage	Constructor_NegativeBanMatchesRemaining_Throws	Passed	1
coverage	Constructor_NegativeNonSentinelSeedEntry_Throws	Passed	1
coverage	Constructor_NegativePlayerId_Throws	Passed	1
coverage	Constructor_NegativeYellows_Throws	Passed	1
coverage	Constructor_NullArguments_FailLoud	Passed	1
coverage	Constructor_NullLog_Throws	Passed	1
coverage	Constructor_NullOccupancySeed_Throws	Passed	1
coverage	Constructor_NullPlayers_ThrowsArgumentNull	Passed	1
coverage	Constructor_NullSetup_Throws	Passed	1
coverage	Constructor_NullState_Throws	Passed	1
coverage	Constructor_OnPitchAgentIdCountOutOfRange_Throws	Passed	1
coverage	Constructor_OutOfOrderLog_Throws	Passed	1
coverage	Constructor_PairingGate_IsolatesEveryPredicate	Passed	1
coverage	Constructor_RefusesACareerOffTheWorldClock	Passed	1
coverage	Constructor_RefusesACareerThatDoesNotCoverTheSeason	Passed	1
coverage	Constructor_RefusesAHalfSuppliedCareerPair	Passed	1
coverage	Constructor_RejectsCalendarShorterThanTheSchedule	Passed	1
coverage	Constructor_RejectsDefaultBoardObjective	Passed	1
coverage	Constructor_RejectsDuplicateClubIdAndNegativeSeasonNumber	Passed	1
coverage	Constructor_RejectsFixtureNamingAClubOutsideTheSet	Passed	1
coverage	Constructor_RejectsIncoherentResults	Passed	1
coverage	Constructor_RejectsManagedClubOutsideClubSet	Passed	1
coverage	Constructor_RejectsNonPositiveCapacityAtMisuseSite(-1)	Passed	1
coverage	Constructor_RejectsNonPositiveCapacityAtMisuseSite(0)	Passed	1
coverage	Constructor_RejectsNullSources	Passed	1
coverage	Constructor_RejectsOutOfRangeJobSecurity	Passed	1
coverage	Constructor_RejectsSelfFixtureAndNegativeRound	Passed	1
coverage	Constructor_RejectsTableThatDoesNotCoverTheClubSet	Passed	1
coverage	Constructor_SeedMapsOnePlayerToTwoAgentIds_ThrowsAndNamesBothIdsAndThePlayer	Passed	1
coverage	Constructor_SeedWithNO_PLAYERRepeated_DoesNotThrow	Passed	1
coverage	Constructor_SnapshotCopiesTheTable_CallerCannotMutateSeasonState	Passed	1
coverage	Constructor_SnapshotsPlayers_PostConstructionMutationDoesNotReachInstance	Passed	1
coverage	Constructor_UndefinedMode_FailsLoud	Passed	1
coverage	Constructor_WithABareProviderAndNoCareer_IsStillRefused	Passed	1
coverage	Constructor_WithABirthWorldDayAheadOfTheClock_IsRefused	Passed	1
coverage	Constructor_WithABirthWorldDayExactlyOnTheClock_IsAccepted	Passed	1
coverage	Constructor_WithAProgressionStoreMissingASeasonClub_IsRefused	Passed	1
coverage	Constructor_WithAStoreSeededFarBehindTheClock_IsRefused	Passed	1
coverage	Constructor_WithAnEmptyProgressionStore_BesideABootstrapProvider_IsAccepted	Passed	1
coverage	Constructor_WithBothAProviderAndAProgressionStore_IsRefused	Passed	1
coverage	Constructor_WithProgressionCursorAheadOfClock_IsRefused	Passed	1
coverage	Constructor_WithProgressionCursorLaggingByOne_IsAccepted	Passed	1
coverage	Constructor_WithProgressionCursorLaggingByTwoOrMore_IsRefused	Passed	1
coverage	Constructor_WorldPastThePendingFixtureDay_FailsLoud	Passed	1
coverage	Constructors_RejectNull	Passed	1
coverage	ContactQuality_AsymmetricTolerance_LateWorseThanEarlyAtSameOffset	Passed	1
coverage	ContactQuality_HigherHeadingAttributeReducesEffectivePointError	Passed	1
coverage	ContactQuality_Label_FarEarlyIsEarly	Passed	1
coverage	ContactQuality_Label_PerfectIsOnTime	Passed	1
coverage	ContactQuality_LargePointError_ReducesScalar	Passed	1
coverage	ContactQuality_LateOffsetExceedsTolerance_ReturnsZero	Passed	1
coverage	ContactQuality_PerfectContact_ReturnsOne	Passed	1
coverage	ContactQuality_ScalarAlwaysInUnitRange	Passed	1
coverage	ContextModifier_GKExcluded_FromCentroidComputation	Passed	1
coverage	ContextModifier_HighFatigue_RelaxesLateralCompactness	Passed	1
coverage	ContextModifier_HighIntensity_IncreasesVerticalCompactness	Passed	1
coverage	ContextModifier_LateralRescale_MatchesSpecExample	Passed	1
coverage	ContextModifier_ScoreDiff_TightensLateralSpread	Passed	1
coverage	ControlQuality_AllFourVerificationMatrixScenarios_PassSimultaneously	Passed	1
coverage	ControlQuality_AveragePlayer_TypicalPass_Walking_LowPressure_ReturnsMidRange	Passed	1
coverage	ControlQuality_Determinism_IdenticalInputsProduceBitwiseIdenticalOutput	Passed	1
coverage	ControlQuality_ElitePlayer_SlowBall_NoConditions_ReturnsNearPerfect	Passed	1
coverage	ControlQuality_HalfTurnBonus_IncreasesQuality_By15Percent	Passed	1
coverage	ControlQuality_MaximumAttributes_SlowBall_ClampsAtOne	Passed	1
coverage	ControlQuality_MaximumPressure_DegradesByExactly40Percent	Passed	1
coverage	ControlQuality_MinimumAttributes_ProducesNonZeroOutput	Passed	1
coverage	ControlQuality_PoorPlayer_FastPass_Jogging_MediumPressure_ReturnsLow	Passed	1
coverage	ControlQuality_SprintReception_ReducesQualityVsStationary	Passed	1
coverage	ControlQuality_VelocityDifficulty_CappedAtMaxFactor	Passed	1
coverage	ControlQuality_ZeroPressure_NoPenaltyApplied	Passed	1
coverage	Control_Pause_ThenFrameReflectsPausedState	Passed	1
coverage	Control_Speed_AcceptsValid_RejectsInvalid	Passed	1
coverage	ControlledBall_FollowsOutfielderAcrossPhysics	Passed	1
coverage	ControlledBall_IsNeverDeflected	Passed	2
coverage	ControlledOutcome_AgentMovementReceivesDribblingModifier	NotExecuted	1
coverage	Controlled_AlwaysReturnsControlled	Passed	1
coverage	CornerKickClustering_PerformanceUnder500us	NotExecuted	1
coverage	Corner_PlacesBallAtCornerArc	Passed	1
coverage	Corpus_Arrays_A01toA05	Passed	1
coverage	Corpus_EveryCitationClause_IsFrozen	Passed	1
coverage	Corpus_ExactRowCountAndOrder_IsFrozen(1)	Passed	1
coverage	Corpus_ExactRowCountAndOrder_IsFrozen(2)	Passed	1
coverage	Corpus_ExactRowCountAndOrder_IsFrozen(3)	Passed	1
coverage	Corpus_Floats_F01toF09	Passed	1
coverage	Corpus_GeneratesTheRequestedSlice	NotExecuted	1
coverage	Corpus_OptionalsAndEnums_O01toE02	Passed	1
coverage	Corpus_PhaseDigestPreimages_D01toD02	Passed	1
coverage	Corpus_Primitives_P01toP10	Passed	1
coverage	Corpus_RngDrawPreimage_D03	Passed	1
coverage	Corpus_SnapshotDigestChain_D04toD07	Passed	1
coverage	Corpus_StringsAndBytes_S01toB02	Passed	1
coverage	Corpus_Structs_ST01toST03	Passed	1
coverage	CounterAttack_MatchesA1Composition	Passed	1
coverage	CounterProfile_TransitionHoldTicksIsZero	Passed	1
coverage	CoverShadow_AssignsHigherThreatReceiverFirst	Passed	1
coverage	CoverShadow_UnfilledSlotProducesZeroCount	Passed	1
coverage	CoverShadow_WorkedExampleGeometry	Passed	1
coverage	CreateDefault_AllAttributesMidRange_WeakFootBase	Passed	1
coverage	CreateInitialForSquads_CreatesCanonicalInitialEntryPerClub	Passed	1
coverage	CreateInitialForSquads_DuplicateClubId_FailsLoud	Passed	1
coverage	CreateInitialForSquads_EmptyArray_FailsLoud	Passed	1
coverage	CreateInitialForSquads_NullArray_FailsLoud	Passed	1
coverage	CreateInitialForSquads_NullSquad_FailsLoud	Passed	1
coverage	CreateInitial_IsBehaviourNeutralIdentity	Passed	1
coverage	CreateIsTheHealthyIdentity_TTMDNEU002	Passed	1
coverage	CreateLoop_BootstrapsOneCanonicalInitialFinanceEntryPerLeagueClub	Passed	1
coverage	CreateLoop_PreservesCareerAndDisciplineWhenProgressionIsAbsent	Passed	1
coverage	CreateLoop_PreservesCareerAndProgression_WhenProgressionOwnsTheRosterAuthority	Passed	1
coverage	CreateNew_BuildsScheduleTableAndCalendarCoherently	Passed	1
coverage	CreateNew_TwiceWithSameInputs_IsFieldIdentical	Passed	1
coverage	CreateSeason_ExplicitObjective_Overrides	Passed	1
coverage	CreateSeason_ProducesAStartableSeasonOverTheLeague	Passed	1
coverage	CreateSeason_RoundTripsThroughTheSeasonCodec	Passed	1
coverage	CreateSeason_UnknownManagedClub_FailsLoud	Passed	1
coverage	CreateSession_InstallsFreshUntickedSession_WithoutStartingPlayback	Passed	1
coverage	CreateSession_NeverStartedPredecessor_DoesNotRevokeStaleRawReference	Passed	1
coverage	CreateSession_NullSetup_Throws_AndPreservesCurrent	Passed	1
coverage	CreateSession_RepeatMatch_ReplacesWithFreshComposition	Passed	1
coverage	CreateSession_WhenCurrentPlaybackIsRunning_StopsOldSessionBeforeReplacement	Passed	1
coverage	Create_AcceptsCoherentRowAndDerivesGoalDifference	Passed	1
coverage	Create_CursorAtLength_IsSeasonComplete	Passed	1
coverage	Create_CursorOutOfRange_Throws	Passed	1
coverage	Create_DoesNotAliasCallerArray	Passed	1
coverage	Create_NonAscendingDays_Throws	Passed	1
coverage	Create_OutOfRangeModifiers_ClampedTo01	Passed	1
coverage	Create_OutcomeTotalOverflowCannotMasqueradeAsCoherent	Passed	1
coverage	Create_RejectsIncoherentPlayedTotal	Passed	1
coverage	Create_RejectsNegativeCounts	Passed	1
coverage	CriticalDeterminism_IdenticalInputs_ProduceIdenticalOutputs	NotExecuted	1
coverage	CrossClaimDuelWeights_SumToOne	Passed	1
coverage	CrossSystem_CollisionTriggersAgentMovementStateChange	NotExecuted	1
coverage	CrossbarCollision_DeflectsVelocityDownward	Passed	1
coverage	CrossbarStrike_FrontFace_Rebounds	Passed	1
coverage	Csv_RoundTripsTheObservableColumns	Passed	1
coverage	Ctor_GuardsFailLoud	Passed	2
coverage	Ctor_NegativeManager_Throws	Passed	1
coverage	Ctor_WrongLength_Throws	Passed	1
coverage	CueCountNotMatchingPositionCount_Throws	Passed	1
coverage	CueValues_SurviveTheProjection	Passed	1
coverage	CuesComeFromTheFrame_AndLandOnTheRightSlot	Passed	1
coverage	CurrentBeforeAnyPush_Throws_NotDefaultScreenZero	Passed	1
coverage	CurrentRegistrationTracksTheCurrentScreen	Passed	1
coverage	CurrentSnapshotDigest_AdvancesWithTheChain	Passed	1
coverage	CursorBounds_AreOrdered_AndStartSitsInside	Passed	1
coverage	DailyOccurrenceProbability_ThroughTheRealChain_MatchesTheBalancePassFit	Passed	1
coverage	DailyPoints_HaveTheExpectedSigns	Passed	1
coverage	DayAdvance_LeavesTheWorldByteIdenticalToABareAdvance	Passed	1
coverage	DayAdvance_OnTheDefaultFocus_ProjectsZeroMatchEntryFatigue	Passed	1
coverage	DayAdvance_RunsBothStepsExactlyOncePerWorldDay	Passed	1
coverage	DayAdvance_StopsBeforeTheFixtureDaysOwnSteps	Passed	1
coverage	DayGap_FailsLoud_TTMDDET007	Passed	1
coverage	DayGap_FailsLoud_TTRDET005	Passed	1
coverage	DazSet_FailsPin	Passed	1
coverage	DeadZone_BallJostlingNearTheTargetDoesNotMoveTheCamera	Passed	1
coverage	DeadZone_OnceBreached_TheTargetTrailsTheBallByExactlyTheDeadZone	Passed	1
coverage	Debounce_CommittedFlagClearsAfterReleaseTicks	Passed	1
coverage	Debounce_CommittedFlagFiresAfterDwellTicks	Passed	1
coverage	Debounce_SingleClearTickDoesNotResetCommittedFlag	Passed	1
coverage	DecisionTreeParkedOnAMovementAction_IsNotTouchedByTheSweep	Passed	1
coverage	DecisionTreeParkedOnAPassWithAnIdleExecutor_IsReleasedToIdle	Passed	1
coverage	DecisionTreeState_FeedsSnapshotDigest	Passed	1
coverage	DecisionTreeState_SurvivesCanonicalSerializerRoundTrip	Passed	1
coverage	DecisionTree_CaptureRestoreCapture_IsIdentity	Passed	1
coverage	DecisionTree_FreshInstance_CapturesIdleDefault	Passed	1
coverage	DecisionTree_InstanceFieldCount_MatchesCapturedSet	Passed	1
coverage	DecisionsAttribute_ReadCorrectlyFromPlayerAttributes	NotExecuted	1
coverage	DecisionsCap_BindsByProximity_NotSnapshotOrder	Passed	1
coverage	DecisionsCap_LowDecisions_LimitsCandidates	Passed	1
coverage	DeclarationOrder_DoesNotChangeTheHash	Passed	1
coverage	DeclaredClosure_CoversEveryReferencedTacticalDirectorAssembly	Passed	1
coverage	DeclaredClosure_HasNoDuplicatesAndIsNonEmpty	Passed	1
coverage	DeclineBand_DrainsExactlyOnePointPerYear_CurveOff	Passed	1
coverage	Decode_AClubWithNoPlayers_FailsLoud	Passed	1
coverage	Decode_ATrainingBlock_FailsLoud_BothDirections_ERR041009	Passed	1
coverage	Decode_ATrainingBlock_FailsLoud_ERR028004	Passed	1
coverage	Decode_AllZeroRow_Throws	Passed	1
coverage	Decode_AttributeBelowRange_FailsLoud	Passed	1
coverage	Decode_AttributeOutOfRange_FailsLoud	Passed	1
coverage	Decode_BadPlayedFlag_FailsLoud	Passed	1
coverage	Decode_CorruptGoalDifference_FailsLoud	Passed	1
coverage	Decode_CrossClubDuplicatePlayerId_FailsLoud	Passed	1
coverage	Decode_CurrentAbilityDoesNotMatchRecomputedValue_FailsLoud	Passed	1
coverage	Decode_DuplicateKeys_Throws	Passed	1
coverage	Decode_EmptyBlob_FailsLoud	Passed	1
coverage	Decode_EveryTruncationLength_Throws	Passed	1
coverage	Decode_FixtureNamingUnknownClub_FailsLoud	Passed	1
coverage	Decode_ForeignBlobWithADifferentMagic_Throws	Passed	1
coverage	Decode_ForeignMagic_FailsLoud_NotSilentlyReinterpreted	Passed	1
coverage	Decode_GuardedStringLengthOverrunsBlob_FailsLoud	Passed	1
coverage	Decode_IncoherentState_FailsLoud_F1	Passed	1
coverage	Decode_ManagedClubOutsideClubSet_FailsLoud	Passed	1
coverage	Decode_NegativeAge_FailsLoud	Passed	1
coverage	Decode_NegativeBanMatchesRemaining_Throws	Passed	1
coverage	Decode_NegativePlayerId_Throws	Passed	1
coverage	Decode_NegativeRecoveryOrInjuryCount_FailsLoud	Passed	1
coverage	Decode_NegativeTableColumn_FailsLoud	Passed	1
coverage	Decode_NegativeTrainingFatigue_FailsLoud	Passed	1
coverage	Decode_NegativeYellows_Throws	Passed	1
coverage	Decode_NeverAdvancedSentinel_FailsLoud_ERR028014	Passed	1
coverage	Decode_NonAscendingClubIds_FailsLoud	Passed	3
coverage	Decode_NonAscendingKeys_Throws	Passed	1
coverage	Decode_NonAscendingPlayerIds_FailsLoud	Passed	3
coverage	Decode_NullBlob_Throws	Passed	2
coverage	Decode_Null_FailsLoud	Passed	3
coverage	Decode_OutOfBandConditionIsAccepted_TuningMustNotBrickSaves	Passed	1
coverage	Decode_OutOfBandRecoveryIsAccepted_TuningMustNotBrickSaves	Passed	1
coverage	Decode_OversizeClubCount_FailsLoud	Passed	4
coverage	Decode_OversizePlayerCount_FailsLoud	Passed	3
coverage	Decode_OversizeTableRowCount_FailsLoud	Passed	1
coverage	Decode_PotentialAbilityAboveRange_FailsLoud	Passed	1
coverage	Decode_PotentialAbilityOutOfRange_FailsLoud	Passed	1
coverage	Decode_RejectsImpossibleRecordCount	Passed	1
coverage	Decode_RejectsNegativeSeasonRevenueAccrued	Passed	1
coverage	Decode_RejectsNonAscendingClubIds	Passed	1
coverage	Decode_RejectsShortHeader(0)	Passed	1
coverage	Decode_RejectsShortHeader(7)	Passed	1
coverage	Decode_RejectsTrailingBytes	Passed	1
coverage	Decode_RejectsTruncatedRecord	Passed	1
coverage	Decode_RejectsUnknownVersion	Passed	1
coverage	Decode_RejectsWrongMagicBeforePayloadInterpretation	Passed	1
coverage	Decode_RetirementDayAheadOfLastAdvancedWorldDay_FailsLoud	Passed	1
coverage	Decode_RetirementDayNonZeroWithFlagUnset_FailsLoud	Passed	1
coverage	Decode_SeedAndSeasonNumberSitAtTheirPinnedOffsets	Passed	1
coverage	Decode_TrailingBytes_FailsLoud	Passed	2
coverage	Decode_TrailingBytes_FailsLoud_F5	Passed	2
coverage	Decode_TrailingBytes_Throws	Passed	1
coverage	Decode_TruncatedClubCountPrefix_FailsLoud	Passed	1
coverage	Decode_Truncated_FailsLoud	Passed	2
coverage	Decode_Truncated_FailsLoud_F5	Passed	2
coverage	Decode_UndefinedFocusOrdinal_FailsLoud	Passed	1
coverage	Decode_UndefinedPositionOrdinal_FailsLoud	Passed	1
coverage	Decode_UndefinedSeverityOrdinal_FailsLoud_F4	Passed	1
coverage	Decode_WeakFootBelowRange_FailsLoud	Passed	1
coverage	Decode_WeakFootOutOfRange_FailsLoud	Passed	1
coverage	Decode_WrongFormatVersion_FailsLoud	Passed	1
coverage	Decode_WrongFormatVersion_FailsLoud_F3	Passed	2
coverage	Decode_WrongFormatVersion_FailsLoud_TTRFAIL001	Passed	1
coverage	Decode_WrongMagic_FailsLoud	Passed	1
coverage	Decode_WrongMagic_Throws	Passed	1
coverage	Decode_WrongVersion_Throws	Passed	1
coverage	DefWidthCompactnessScalar_MapsEachWidthToItsCatalogueRow	Passed	1
coverage	DefaultBoardModifier_FailsLoud	Passed	1
coverage	DefaultBuildModuleInTheList_Throws	Passed	1
coverage	DefaultCommand_Apply_ThrowsFailLoud	Passed	1
coverage	DefaultCommand_KindIsNone	Passed	1
coverage	DefaultConstructedAdvancedStatline_ExposesAnEmptyGrid_NotNull	Passed	1
coverage	DefaultConstructedResult_ExposesEmptyMaps_NotNull	Passed	1
coverage	DefaultIntent_Throws_NeverSilentlyStagesAZeroPayload	Passed	1
coverage	DefaultPlayerInstructions_IsNotTheIdentity_EncodesManMarkOnAgentZero	Passed	1
coverage	DefaultPlayerTactic_RoutesIdentity	Passed	1
coverage	DefaultSnapshot_FocusPlay_IsMixedIdentity	Passed	1
coverage	DefaultSnapshot_MarkingOrientation_IsBalancedIdentity	Passed	1
coverage	DefaultSnapshot_OffsideTrapRequested_IsFalseIdentity	Passed	1
coverage	DefaultSnapshot_SeedsStandard_ResolvesToIdentityScalar	Passed	1
coverage	DefaultTactic_DefensiveLineDepthIsHalf	Passed	1
coverage	DefaultTactic_RoutesBalancedIdentity	Passed	1
coverage	DefaultTactic_RoutesBalancedMarkingOrientation	Passed	1
coverage	DefaultTactic_RoutesDialIdentities_AndIdentityBindings	Passed	1
coverage	DefaultTactic_RoutesFalseOffsideTrap	Passed	1
coverage	DefaultTactic_RoutesMixedFocusPlay	Passed	1
coverage	DefaultTactic_RoutesStandardLineOfEngagement	Passed	1
coverage	DefaultTactic_RoutesStandardWidth	Passed	1
coverage	DefaultTeamTactic_IsNotTheBalancedIdentity	Passed	1
coverage	DefaultView_IsEmpty_NotACrash	Passed	1
coverage	Default_DecodesToPinnedFloatMode	Passed	1
coverage	Default_DeliversEveryPresetVerbatim_IncludingAffinity	Passed	1
coverage	Default_IsBalancedForEveryTeam	Passed	1
coverage	Default_MirrorsTacticPresetLibraryScalars	Passed	1
coverage	DefensiveAI_FeedsLineDepthCarrier_IntoDecisionContext	Passed	1
coverage	DefensiveLineDepth_RecomputedFromDialPlusMentalityBias	Passed	1
coverage	DefensiveState_FeedsSnapshotDigest	Passed	1
coverage	Deflection_ApproachingBall_ReflectsAndRetainsSpeedFraction	Passed	1
coverage	Deflection_DegenerateSeparation_IsNoOp	Passed	1
coverage	Deflection_SeparatingBall_IsNoOp	Passed	1
coverage	Deflection_VerticalVelocity_PassesThroughReflection	Passed	1
coverage	DegenerateAimDirection_PropagatesAsDegenerate_AndPlaysTheNaturalRebound	Passed	1
coverage	DegenerateSegment_IsANoOp	Passed	1
coverage	Depart_DemotesToCold_AndReentryResumesEpisodeIds	Passed	1
coverage	Depart_NonOwnClub_FailsLoud	Passed	1
coverage	Depart_PinnedEdge_DefersDemotion_AsExternal_UntilArcResolves	Passed	1
coverage	DeriveHeadAngularVelocity_DegenerateFacing_ReturnsZero	Passed	1
coverage	DeriveHeadAngularVelocity_StaticFacing_ReturnsZero	Passed	1
coverage	DeriveNextSeasonSeed_IsDeterministicAndSeparatesItsInputs	Passed	1
coverage	DeriveNextSeasonSeed_IsDomainSeparatedFromTheMatchSeed	Passed	1
coverage	DescendingBall_AimedLong_LeavesTheHeadRising	Passed	1
coverage	DescendingBall_ThroughTheRealOrchestrator_LeavesTheHeadRising	Passed	1
coverage	Deserialize_RefusesCorruptCountPrefix	Passed	1
coverage	Deserialize_RefusesTrailingBytes	Passed	1
coverage	Deserialize_RefusesUnknownFormatVersion	Passed	1
coverage	Deserialize_RefusesWrongDomainTag	Passed	1
coverage	DespawnLog_AppendAndContains_Correct	Passed	1
coverage	Detection_AgentBallNotTouching_ReturnsNoCollision	Passed	1
coverage	Detection_AgentBallTouching_ReturnsCollision	Passed	1
coverage	Detection_AgentsExactlyTouching_ReturnsCollision	Passed	1
coverage	Detection_AgentsNotTouching_ReturnsNoCollision	Passed	1
coverage	Detection_AgentsOverlapping_ReturnsPenetrationDepth	Passed	1
coverage	Detection_BallAboveReachHeight_NotDetectable	Passed	1
coverage	Detection_GroundedAgentStillDetectable	Passed	1
coverage	DetermineCardKind_NoCardBand_ReturnsNull	Passed	1
coverage	DetermineCardKind_RedBand_LowerBoundInclusive_UpperBoundExclusive	Passed	1
coverage	DetermineCardKind_YellowBand	Passed	1
coverage	DeterminismSuiteResult_PartialPassingCoverageFailsClosed	Passed	1
coverage	DeterminismTierResult_RejectsUnknownTier	Passed	1
coverage	Determinism_100Heartbeats_IdenticalInputsProduceBytIdenticalSnapshots	NotExecuted	1
coverage	Determinism_90MinuteReplay_BitIdenticalDigest	NotExecuted	1
coverage	Determinism_DifferentSeeds_DifferentOutcomes	Passed	1
coverage	Determinism_DigestStability_IdenticalInputs	NotExecuted	1
coverage	Determinism_EntityIdIterationOrder_StableAcrossRuns	NotExecuted	1
coverage	Determinism_EntityIdPermutation_SameOutput	NotExecuted	1
coverage	Determinism_FullFrameReplay_BitIdentical	Passed	1
coverage	Determinism_HysteresisStateDigest_RoundTrip	NotExecuted	1
coverage	Determinism_IdenticalContext_ProducesIdenticalFullResult	Passed	1
coverage	Determinism_InvariantDemotion_IdenticalOrderAcross1000Runs	NotExecuted	1
coverage	Determinism_RngDomainTagIsolation_NoCrossDomainBleed	NotExecuted	1
coverage	Determinism_RngIsolation_CrossSubsystem	NotExecuted	1
coverage	Determinism_SameSeed_IdenticalOutcomes	Passed	1
coverage	Determinism_SaveLoad_ResumesIdentically	NotExecuted	1
coverage	Determinism_T_DA_DET_001_NinetyMinReplayBitIdenticalPerTickDigests	NotExecuted	1
coverage	Determinism_T_DA_DET_002_TwoIndependentSimsIdenticalInitialStateFirstThousandTicks	NotExecuted	1
coverage	Determinism_T_DA_DET_003_MidMatchSnapshotResumeDigestContinuity	NotExecuted	1
coverage	Determinism_T_DA_DET_004_EntityIdIterationOrderDeterminism	NotExecuted	1
coverage	Determinism_T_DA_DET_005_RngReproducibilityViaDomainTagDefensiveAI	NotExecuted	1
coverage	Determinism_T_DA_DET_006_AntiChaosTerminatesInThreePassesForAllInputs	NotExecuted	1
coverage	Determinism_T_D_001_NinetyMinReplayBitIdenticalDigests	NotExecuted	1
coverage	Determinism_T_D_002_EntityIdPermutedInputProducesIdenticalState	NotExecuted	1
coverage	Determinism_T_D_003_HysteresisAndTriggerDigestContributionsNonEmpty	NotExecuted	1
coverage	Determinism_T_D_004_TenConsecutiveRunsProduceSameFinalDigest	NotExecuted	1
coverage	Determinism_T_D_005_SaveLoadMidPressDigestContinuity	NotExecuted	1
coverage	Determinism_T_D_006_DomainTagIsolationPreservesStream	NotExecuted	1
coverage	Determinism_TransitionHoldState_RoundTrip	NotExecuted	1
coverage	DialOff_AWholeSeasonInjuresNobody	Passed	1
coverage	DialOff_IsRecoveryOnly_NoInjuryEverOccurs_TTMDNEU001	Passed	1
coverage	DialOn_ASeasonProducesFootballPlausibleInjuryRates	Passed	1
coverage	DialOn_PerturbingEitherNewConstant_LeavesTheAssertedBands	Passed	1
coverage	DigestChain_IsNonDegenerate_AndAdvances	Passed	1
coverage	DirectProfile_MaxRunnersIs3	Passed	1
coverage	Disengage_DoesNotFireBeforeTimeoutExpires	Passed	1
coverage	Disengage_ResetCooldownPreventsNewPressForLatencyTicks	Passed	1
coverage	Disengage_TimeoutFiresAfterDisengageTimeoutTicks	Passed	1
coverage	Disengage_ZoneExitFiresImmediately	Passed	1
coverage	DiskRoundTrip_BookingCursorBeforeSave_IsDeterministic	Passed	1
coverage	DiskRoundTrip_DistinctSquad_IsDeterministic	Passed	1
coverage	DiskRoundTrip_FlagOnWorld_ResumesEvaluating_ThroughSeasonFile	Passed	1
coverage	DiskRoundTrip_NeutralKickoff_IsDeterministic	Passed	1
coverage	DiskRoundTrip_NoMatchSeason_IsDeterministic	Passed	1
coverage	DiskRoundTrip_SeasonWithDistinctSquadMatch_IsDeterministic	Passed	1
coverage	DiskRoundTrip_SeasonWithLeagueBootstrappedMatch_IsDeterministic	Passed	1
coverage	DiskRoundTrip_SeasonWithNeutralMatch_IsDeterministic	Passed	1
coverage	DismarkBuildUpRotationDials_FeedSnapshotDigest	Passed	1
coverage	DismarkIntensity_OrdinalsAreStable	Passed	1
coverage	Dismark_AndOverlay_OutputsStayOnPitch	Passed	1
coverage	Dismark_BallCarrierAndOutOfPhase_Excluded	Passed	1
coverage	Dismark_MarkedAgent_NudgedAwayFromMarker_ExactMagnitude	Passed	1
coverage	Dismark_OffDial_IsExactIdentity	Passed	1
coverage	Dispatch_PassesCorrectAgentIdToController	Passed	1
coverage	Dispatch_TouchesOnlyTheThreePublicSeams	Passed	1
coverage	DistToOwnGoal_BothTeamConventions	Passed	1
coverage	DistinctSquad_DivergesFromDefault_ByDesign	Passed	1
coverage	DistinctSquad_SaveCommitsRosterGoalkeeperAttrs	Passed	1
coverage	DistinctSquad_TwoRuns_AreDeterministic	Passed	1
coverage	DiveLaunchImpulse_HigherStrength_ProducesLargerImpulse	Passed	1
coverage	DivergenceDetector_TierA_NaN_TriggersNonFiniteError	Passed	1
coverage	DivergenceDetector_TierB_NonCanonicalNaN_TriggersError	Passed	1
coverage	Diving_PhysicsTick_TransitionsToAirborne	Passed	1
coverage	DomainTagEventLedger_MatchesDeterministicSimConstants	Passed	1
coverage	DomainTagEventLedger_Value_Is0x15	Passed	1
coverage	DomainTag_MirrorsTheDeterministicSimAllocation	Passed	1
coverage	DomainTag_MirrorsTheSixteenAllocation	Passed	1
coverage	DragForce_IncreasesWithSpeed	Passed	1
coverage	DragForce_LowerAtTurbulentSpeed_ThanExpectedFromSquareAlone	Passed	1
coverage	DragForce_OpposesMotion	Passed	1
coverage	DragForce_ScalesWithVelocitySquared	Passed	1
coverage	DragForce_ZeroVelocity_ReturnsZero	Passed	1
coverage	DrainInto_IsFifo_AndEmptiesQueue	Passed	1
coverage	DrainOnePoint_LowersLowestBiasAttribute_TieBrokenByAscendingIndex	Passed	1
coverage	DrainTick_ClearsInDrainDispatchFlag_OnCompletion	Passed	1
coverage	DrainTick_ClearsInDrainDispatchFlag_OnHandlerException	Passed	1
coverage	DrainTick_DispatchesToSubscriber	Passed	1
coverage	DrainTick_NoEvents_DrainCompletes_WithoutThrow	Passed	1
coverage	DrainTick_PastMaxDispatchDepth_ThrowsQueueOverflow	Passed	1
coverage	DrainTick_SetsBootPhaseComplete	Passed	1
coverage	DrainTick_TwoEventsInSamePhase_DispatchedInDrawIndexOrder	Passed	1
coverage	DrawBounded_RejectsNonPositiveBoundBeforeDrawing(-1)	Passed	1
coverage	DrawBounded_RejectsNonPositiveBoundBeforeDrawing(0)	Passed	1
coverage	DrawBounded_RejectsNullRng	Passed	1
coverage	DrawDenominator_IsFixed_AndBoundsTheRiskCeiling	Passed	1
coverage	DrawPurposeRadix_LeavesHeadroomAboveEveryDefinedPurpose	Passed	1
coverage	Draw_IsInRange_AndSeparatesNeighbouringKeys	Passed	1
coverage	DribbleDirectionFloor_IsWeakerThanThePassFloor_AndInsideItsShapeBounds	Passed	1
coverage	DribbleDirection_IsMirroredForTheAwayTeam	Passed	1
coverage	DribbleDirection_IsMonotoneInCosineToGoal	Passed	1
coverage	DribbleDirection_Retreating_ScoresExactlyTheFloorFractionOfGoalward	Passed	1
coverage	DribbleDirection_UnsetDirection_IsExactIdentity	Passed	1
coverage	DribbleTarget_NearTouchline_ClampedToPitchBounds	Passed	1
coverage	Dribble_DispatchesMoveTo	Passed	1
coverage	DropPlayer_RemovesEveryRowForThatPlayer_AcrossCompetitions_LeavesOthersAlone	Passed	1
coverage	DroppingAnyDeclaredModule_ChangesTheBuildHash	Passed	1
coverage	DuplicateAssemblyName_Throws	Passed	1
coverage	DuplicateKeyInSection_Throws	Passed	1
coverage	DuplicateKey_FailsLoud	Passed	1
coverage	DuplicateRegistration_Throws	Passed	1
coverage	DutySupport_IsOffsetAndAggressionIdentity	Passed	1
coverage	Duty_OrdinalsAreStable	Passed	1
coverage	Dwell_Accumulates_CapsAtFullTicks_AndTracksMarkerId	Passed	1
coverage	Dwell_DecayWorkedExample_ReachesZeroAfterFiveUnmarkedHeartbeats	Passed	1
coverage	Dwell_MarkerHandoff_DoesNotResetDwell	Passed	1
coverage	Dwell_NegativeStateClampsToZeroWithoutUnderflow	Passed	1
coverage	Dwell_OutOfPhase_DecaysButKeepsMarkerId	Passed	1
coverage	Dwell_OverCapacityStateSaturatesWithoutOverflow	Passed	1
coverage	EC001_AllAttributesMinimum_ValidVelocityReturned	Passed	1
coverage	EC001_AllMinAttributes_ProducesValidVelocity	Passed	1
coverage	EC002_AllAttributesMaximum_ValidVelocityClamped	Passed	1
coverage	EC002_AllMaxAttributes_ProducesValidVelocity	Passed	1
coverage	EC003_MinPower_SmallDistance_SpinIsValidNoNaN	Passed	1
coverage	EC003_PowerIntentExactlyZero_VelocityFloorApplied	Passed	1
coverage	EC004_PowerIntentExactlyOne_ValidResult	Passed	1
coverage	EC005_FullFatigue_ProducesValidVelocityClamped	Passed	1
coverage	EC005_MaxSpinCentreContact_ValidSpinAndReducedVelocity	Passed	1
coverage	EC006_MaxPressure_ErrorAngle_ClampedToMax	Passed	1
coverage	EC006_ZeroBodyLean_NoNaNInLaunchAngle	Passed	1
coverage	EC007_DifferentAgentIds_ProduceDifferentErrorDirections	Passed	1
coverage	EC008_BodyAngle180_ClampedTo90_MaxOrientationPenalty	Passed	1
coverage	EC008_NaNVelocityStub_ReturnsNaN	Passed	1
coverage	EC009_ErrorDirection_IsDeterministic	Passed	1
coverage	EC010_ErrorDirection_WithinSignedUnitRange	Passed	1
coverage	EC011_ErrorDirection_DifferentInputs_ProduceDifferentOutputs	Passed	1
coverage	EachScreenReadsItsCatalogueConstant	Passed	1
coverage	EachTeamsKeeperSlot_WearsNumberOne	Passed	1
coverage	EdgeCase_AgentAtPitchBoundary_BallPositionClamped	Passed	1
coverage	EdgeCase_AttributesAboveMaximum_ClampedTo20	Passed	1
coverage	EdgeCase_AttributesBelowMinimum_ClampedTo1	Passed	1
coverage	EdgeCase_BallHeightAboveGroundControlHeight_GuardFieldPopulated	Passed	1
coverage	EdgeCase_ExcessivePenetration_SeparationCapped	Passed	1
coverage	EdgeCase_GoalkeeperFlag_DoesNotAlterQuality	Passed	1
coverage	EdgeCase_GroundedAgentCollision_NoImpulseGenerated	Passed	1
coverage	EdgeCase_LooseBallOutcome_PossessingAgentIdIsNone	Passed	1
coverage	EdgeCase_MaxCollisionPairs_ProcessedWithoutOverflow	Passed	1
coverage	EdgeCase_NaNBallVelocity_DoesNotPropagateNaN	Passed	1
coverage	EdgeCase_NaNPosition_RecoveryWithoutCrash	Passed	1
coverage	EdgeCase_ZeroBallVelocity_UsesMinimumVelocityFloor	Passed	1
coverage	EdgeTrigger_ReArmCycle_FiresOncePerRisingEdge	Passed	1
coverage	EffectiveTicksPerSecond_IsTicksPerSecondTimesSpeedMultiplier	Passed	1
coverage	EliteMidfielder_VsNoviceDefender_MeasurableFovDifference	NotExecuted	1
coverage	EmptyAndCommentOnly_ParseToEmpty	Passed	1
coverage	EmptyAssemblyName_ThrowsAtConstruction	Passed	1
coverage	EmptyBuffer_ReturnsFallbackHold	Passed	1
coverage	EmptyClosure_Throws	Passed	1
coverage	EmptyKey_Throws	Passed	1
coverage	EmptyPath_Is400	Passed	1
coverage	EmptySectionHeader_Throws	Passed	1
coverage	EmptySectionOrKey_ThrowsArgumentException	Passed	1
coverage	EmptyView_ExposesEmptyCollections_NotNull	Passed	1
coverage	EmptyView_ReportsTheNoRestartSentinel_NotTeamZero	Passed	1
coverage	Empty_CommentOnly_And_Null_FailLoud	Passed	1
coverage	Empty_DoesNotMutateCallerArray	Passed	1
coverage	Empty_FewerThanTwoClubsOrDuplicate_Throws	Passed	1
coverage	Empty_HasNoEntries	Passed	1
coverage	Empty_RoundTripsAsAZeroClubBlock	Passed	1
coverage	EnableGkHeading_SetsTheFlag	Passed	1
coverage	Encode_AndDecode_ShareOneRangeRule	Passed	1
coverage	Encode_AndDecode_ShareTheCounterFloors	Passed	1
coverage	Encode_AttributeOutOfRange_FailsLoud	Passed	1
coverage	Encode_ByteLayout_MagicThenVersionThenLength	Passed	1
coverage	Encode_ChangesWithState	Passed	1
coverage	Encode_ClubAboveClubSquadSize_FailsLoud	Passed	1
coverage	Encode_ClubWithNoPlayers_FailsLoud	Passed	1
coverage	Encode_CrossClubDuplicatePlayerId_FailsLoud	Passed	1
coverage	Encode_DoesNotMutateTheCallersArrays	Passed	3
coverage	Encode_DuplicateClubId_FailsLoud	Passed	3
coverage	Encode_DuplicatePlayerId_FailsLoud	Passed	3
coverage	Encode_EmptyState_IsExactlyTheTwelveByteHeader	Passed	1
coverage	Encode_IncoherentState_FailsLoud_F1	Passed	1
coverage	Encode_IsCanonicalAndDoesNotMutateInputOrder	Passed	1
coverage	Encode_IsDeterministic_ForEqualStates	Passed	1
coverage	Encode_IsOrderIndependent_SameStateSameBytes	Passed	3
coverage	Encode_NegativeAge_FailsLoud	Passed	1
coverage	Encode_NegativeInjuryCount_FailsLoud	Passed	1
coverage	Encode_NegativeRecoveryRemaining_FailsLoud	Passed	1
coverage	Encode_NegativeTrainingFatigue_FailsLoud	Passed	1
coverage	Encode_NeverAdvancedSentinel_FailsLoud_ERR028014	Passed	1
coverage	Encode_NonAsciiFirstName_FailsLoud	Passed	1
coverage	Encode_NonAsciiLastName_FailsLoud	Passed	1
coverage	Encode_NullSet_FailsLoud	Passed	3
coverage	Encode_NullState_Throws	Passed	2
coverage	Encode_OfADecodedBlob_IsByteIdentical	Passed	3
coverage	Encode_PotentialAbilityAboveCeiling_FailsLoud	Passed	1
coverage	Encode_PotentialAbilityBelowFloor_FailsLoud	Passed	1
coverage	Encode_RejectsDuplicateClubIds	Passed	1
coverage	Encode_RejectsNegativeBudgetOrWageLiability	Passed	1
coverage	Encode_StatesBuiltThroughDifferentDisciplineRulesCallOrders_ProduceIdenticalBytes	Passed	1
coverage	Encode_UnboundClub_FailsLoud	Passed	3
coverage	Encode_UndefinedFocusOrdinal_FailsLoud	Passed	1
coverage	Encode_UndefinedPosition_FailsLoud	Passed	1
coverage	Encode_UndefinedSeverity_FailsLoud_F4	Passed	1
coverage	Encode_WeakFootOutOfRange_FailsLoud	Passed	1
coverage	Encode_WritesMagicThenVersion	Passed	1
coverage	EndToEnd_ChipShotProfile_ProducesElevatedLaunchAngle	NotExecuted	1
coverage	EndToEnd_DrivenShotProfile_ProducesLowAngleAndHighSpeed	NotExecuted	1
coverage	EndToEnd_TopCornerPlacement_ProducesCorrectAimDirection	NotExecuted	1
coverage	EndToEnd_WeakFootShot_HigherErrorAndLowerSpeedThanStrongFoot	NotExecuted	1
coverage	Enforce_NearTouchlineY_BallOnHighSide	Passed	1
coverage	Enforce_NearTouchlineY_BallOnLowSide	Passed	1
coverage	Enforce_PromotesAgentWhenBelowMinWidthHolders	Passed	1
coverage	Enforce_WeakSideOnNearSideCountsTowardWidthTotal	Passed	1
coverage	EnginePath_ConfiguresTheAvailabilityFilteredSquad	Passed	1
coverage	EnginePath_ExcludesASuspendedManagedPlayerFromTheFieldedEleven	Passed	1
coverage	EnginePath_ExcludesASuspendedOPPONENTPlayerToo	Passed	1
coverage	EnginePath_HandsBackTheFilteredElevensIds	Passed	1
coverage	EnginePath_OnAnUnwiredLoop_BootsExactlyAsBefore	Passed	1
coverage	EnginePath_SeedsMatchEntryFatigueOntoTheStartersItSelected	Passed	1
coverage	EngineScoringDiagnostic_ReportsWhatAMatchActuallyDoes	NotExecuted	1
coverage	Engine_HalfTimeDecision_FiresThroughLiveGate	Passed	1
coverage	Engine_LiveLadder_LeadingLate_StepsDefensive	Passed	1
coverage	Engine_LiveLadder_TrailingLate_StepsAttackingFromScoreState	Passed	1
coverage	Enqueue_DefaultCommand_ThrowsFailLoud	Passed	1
coverage	Enqueue_IsThreadSafe_AllCommandsCounted	Passed	1
coverage	Enqueue_UnknownKind_ThrowsBeforeCrossingThreadBoundary	Passed	1
coverage	EnsureWeakSide_EntityIdTieBreakLowerWins	Passed	1
coverage	EnsureWeakSide_NoAssignmentWhenPoolBelowThreshold	Passed	1
coverage	EnsureWeakSide_SelectsMaxDeviationAgent	Passed	1
coverage	EnsureWeakSide_SkipsRunnerAgents	Passed	1
coverage	EntryAt_IndexEqualToCount_Throws	Passed	1
coverage	EntryAt_NegativeIndex_Throws	Passed	1
coverage	EntryAt_OnEmptyState_Throws	Passed	1
coverage	EntryFatigue_IsIndexedBySquadLocal_NotByTeamSlot	Passed	1
coverage	EntryFatigue_IsPerTeam	Passed	1
coverage	EntryFatigue_LandsOnTheStartersAerobicReservoir	Passed	1
coverage	EntryFatigue_SurvivesASaveRestoreRoundTrip	Passed	1
coverage	EntryFor_AbsentKey_ReturnsACleanZeroRow	Passed	1
coverage	EntryFor_NegativePlayerId_ReturnsTheAllZeroKey_NotTheRequestedOne	Passed	1
coverage	EntryFor_NegativePlayerId_ReturnsTheZeroRow_WithoutThrowing	Passed	1
coverage	Entry_ClosedLoopScenarioUnderDifferentManifest_ThrowsArgumentException	Passed	1
coverage	Envelope_NaNRangeBound_ThrowsArgumentException	Passed	1
coverage	EnvironmentFingerprint_Stage0Dev_IsPlaceholder_AndMatchesPinnedSimdLevel	Passed	1
coverage	EnvironmentFingerprint_Stage0MonoCertified_CarriesRealHash_NotPlaceholder	Passed	1
coverage	EnvironmentFingerprint_WorkerCountMismatch_ReturnsEnvMismatch	Passed	1
coverage	Equals_TrueOnlyWhenAllFourFieldsMatch	Passed	1
coverage	ErrorCodes_AllInThe0x17NNBlock	Passed	1
coverage	ErrorCodes_DoNotCollideWithDeterministicSimBlock	Passed	1
coverage	ErrorCodes_HaveDistinctValues	Passed	1
coverage	ErrorOffset_CanCarryTheAimWideOfThePost	Passed	1
coverage	ErrorOffset_ScalesWithDistance	Passed	1
coverage	ErrorOffset_VerticalClamp_PreservesHighLaunchBaseTarget	Passed	1
coverage	EvaluateAndApplyOffside_DifferentTeamReceiver_NotSameTeamPassGuardIsCallerSide	Passed	1
coverage	EvaluateAndApplyOffside_OnsideReceiver_NoViolation	Passed	1
coverage	EvaluateAndApplyOffside_Violation_AwardsFreeKickToTheDefendingTeam	Passed	1
coverage	EvaluateAtSeasonEnd_AgreesWithTheObjectiveItReports	Passed	1
coverage	EvaluateAtSeasonEnd_ClampsToTheScaleAtBothEnds	Passed	1
coverage	EvaluateAtSeasonEnd_ExactlyOnTarget_CountsAsMet	Passed	1
coverage	EvaluateAtSeasonEnd_MissedPenalty_ScalesWithPlacesShort	Passed	1
coverage	EvaluateAtSeasonEnd_ObjectiveMet_GainsTheFlatAmount	Passed	1
coverage	EvaluateAttribute_NeutralContext_ReturnsRawValue	Passed	1
coverage	EvaluateAttribute_PartialModifiers_AppliesProduct	Passed	1
coverage	Evaluate_AgentOutsideCorridorNotCounted	Passed	1
coverage	Evaluate_CorrectFlank_LeftWhenBallOnLowYSide	Passed	1
coverage	Evaluate_CorrectFlank_RightWhenBallOnHighYSide	Passed	1
coverage	Evaluate_CounterAtZero_ReturnsEmptyDirective	Passed	1
coverage	Evaluate_CounterAttack_ImmediateEmptyDirective	Passed	1
coverage	Evaluate_CurrentStridePass_CompletesDiscreteEventDwellAndCommits	Passed	1
coverage	Evaluate_DoesNotFireBelowThreshold	Passed	1
coverage	Evaluate_FiresWhenEnoughAgentsInCorridor	Passed	1
coverage	Evaluate_FirstLossTick_SetsAndDecrementsCounter	Passed	1
coverage	Evaluate_FocusBias_LowersThresholdOnPreferredFlank	Passed	1
coverage	Evaluate_FocusBias_UnchangedOnNonPreferredFlank	Passed	1
coverage	Evaluate_GoalkeeperExcludedFromCount	Passed	1
coverage	Evaluate_InPossession_OnlyTwoBehindLine_IsInsufficient	Passed	1
coverage	Evaluate_InPossession_ThreeAtOrBehindLine_IsSufficient	Passed	1
coverage	Evaluate_InactiveAgentsExcludedFromCount	Passed	1
coverage	Evaluate_IsPure_SameInputSameOutput	Passed	1
coverage	Evaluate_NotInPossession_AlwaysSufficient	Passed	1
coverage	Evaluate_PassAtPreviousStrideBoundary_StartsDwell	Passed	1
coverage	Evaluate_PassBeforeCompletedStrideWindow_DoesNotStartBackwardPassDwell	Passed	1
coverage	Evaluate_SetBeforeDecrement_Order	Passed	1
coverage	Evaluate_WeakSideAgentExcludedFromCount	Passed	1
coverage	EventEmission_FirstTouchEventPublishedOnContact	NotExecuted	1
coverage	EventHeaderBytes_Is12	Passed	1
coverage	EventInterface_ShotExecutedEvent_PublishedWithCompletePayload	NotExecuted	1
coverage	EventInterface_TackleCancelled_PublishesCancelledNotExecuted	NotExecuted	1
coverage	EventLogger_CapturesKickEvent	Passed	1
coverage	EventLogger_LogsBounce_EventIsRecorded	Passed	1
coverage	EventQueueCapacity_Positive	Passed	1
coverage	EventSlotMeta_CompareKey_DoesNotUseEventTypeOrdinal	Passed	1
coverage	EventTypeOrdinalWidth_Is1	Passed	1
coverage	EveryClubThatPlayedServesOneMatchOfItsBans	Passed	1
coverage	EveryContact_ResolvesToExactlyOneBallSideAction	Passed	1
coverage	EveryDeclaredSurfaceType_HasEntryInAllFourLookups	Passed	1
coverage	EveryEndSpecificMarking_HasAnExactMirrorAtTheOtherEnd	Passed	1
coverage	EveryFamilyTable_SatisfiesF1Invariants	Passed	1
coverage	EveryMarkingPointLiesOnOrInsideThePitch	Passed	1
coverage	EveryMatchIntentKind_MapsToACommandKind	Passed	1
coverage	EveryNonRectangleMarking_PassesThroughUnchangedAndInOrder	Passed	1
coverage	EveryOutput_IsWithinTheClampedRange	Passed	1
coverage	EveryPreset_SeedsA3ScoringRowFromConstants	Passed	1
coverage	EveryRectangleArrivesWithItsCornersNormalised	Passed	1
coverage	EveryRectangle_BecomesFourEdgesThatCloseIt	Passed	1
coverage	EveryRungIsAMultiplierTheStreamerWillAccept	Passed	1
coverage	EveryRungRoundTripsThroughTryIndexOf	Passed	1
coverage	EveryStaticReadonlyConstant_IsOneOfTheGuardedFour	Passed	1
coverage	Eviction_TiesBreakByOlderWorldTickThenLowerEpisodeId	Passed	1
coverage	ExactlyThePossessingAgentGetsARing_AtBothEnds	Passed	1
coverage	ExceptionFlagsSet_DoNotAffectPin	Passed	1
coverage	ExecutorState_FeedsSnapshotDigest	Passed	1
coverage	ExplicitBalanced_IsBehaviourNeutral_DigestUnchanged	Passed	1
coverage	ExplicitHuman_IsBehaviourNeutral_DigestUnchanged	Passed	1
coverage	ExplicitIdentityPlayerTactic_IsBehaviourNeutral_DigestUnchanged	Passed	1
coverage	Export_GuardsFailLoud	Passed	1
coverage	Export_ProducesSelfContainedDocument	Passed	1
coverage	ExposesPresetsAndOrdinal	Passed	1
coverage	ExternalCap_DemotesLeastRecentlyInteracted_ToColdStore	Passed	1
coverage	ExternalCap_OwnClubNeverLruDemoted	Passed	1
coverage	ExternalCap_SkipsArcPinnedContact_DemotesNextEligible	Passed	1
coverage	ExternalCap_WorldTickTie_DemotesLowestEntityId	Passed	1
coverage	F1_OutOfRangeAgentInARecord_FailsLoud	Passed	1
coverage	F1_UnknownTeamOnATeamCarryingRecord_FailsLoud	Passed	1
coverage	F2_NonFiniteAgentSample_FailsLoud	Passed	1
coverage	F2_NonFiniteBallSample_FailsLoud	Passed	1
coverage	F2_NonFiniteRecordLocation_FailsLoud	Passed	1
coverage	F4231_RowsMatchAppendixA3	Passed	1
coverage	F433_RowsMatchAppendixA2_AndExcludeTheSinglePivot	Passed	1
coverage	F442_RowsMatchAppendixA1	Passed	1
coverage	F6_FirstObservationMayStartAtAnyTick	Passed	1
coverage	F6_RepeatedTick_FailsLoud	Passed	1
coverage	F6_SkippedTick_FailsLoud	Passed	1
coverage	FOV001_CentreTarget_IsVisible	Passed	1
coverage	FOV002_ExactBoundaryEntity_IsVisible	Passed	1
coverage	FOV003_OneStepOutsideBoundary_IsNotVisible	Passed	1
coverage	FOV004_Decisions1Vs20_FovDifference_Is9Point5Degrees	Passed	1
coverage	FOV005_ZeroPressure_NoFovReduction	Passed	1
coverage	FOV006_HalfPressure_Reduces15Degrees	Passed	1
coverage	FOV007_MaxPressure_Decisions1_FloorNotTriggered	Passed	1
coverage	FOV008_BlindSideArc_IsComplementOfEffectiveFov	Passed	1
coverage	FR_EVT_006_CanonicalNoPaddingLayout_Stage0Plus1	NotExecuted	1
coverage	FR_EVT_012_SnapshotRoundTrip_Stage0Plus1	NotExecuted	1
coverage	FR_EVT_013_TierB_Activation_Stage5Plus	NotExecuted	1
coverage	FR_EVT_031_G1_PhaseDigestGolden_Stage0Plus1	NotExecuted	1
coverage	FR_EVT_043_G2_CosmeticDropGolden_Stage0Plus1	NotExecuted	1
coverage	FR_EVT_048_PerPublishZeroAllocation_Stage0Plus1	NotExecuted	1
coverage	FR_EVT_072_Fixed64_Reverification_Stage5Plus	NotExecuted	1
coverage	FR_EVT_077_ReplayIsolation_Stage1Plus	NotExecuted	1
coverage	FR_EVT_080_UnknownOrdinalFixtureLoad_Stage0Plus1	NotExecuted	1
coverage	FR_EVT_081_VersionIncompatibleFixtureLoad_Stage0Plus1	NotExecuted	1
coverage	FailureCause_DisturbedInDuel_DuelDisturbanceAboveThreshold	NotExecuted	1
coverage	FailureCause_MissedContact_BallOutsideReach	NotExecuted	1
coverage	FailureCause_MistimedDive_DiveStartedTooEarly	NotExecuted	1
coverage	FailureCause_OutOfReach_BallBeyondReachEnvelope	NotExecuted	1
coverage	FailureCause_WrongDirection_DiveInWrongDirection	NotExecuted	1
coverage	FailureMode_EmptyCandidateSetProducesZeroShadows	Passed	1
coverage	FailureMode_ExcessiveDisplacementDemotesShadowSlot	Passed	1
coverage	FailureMode_F1_StaleSnapshot_ReturnsUnchangedSlots	Passed	1
coverage	FailureMode_F3_NaNBallPosition_SlotsRemainFinite	Passed	1
coverage	FailureMode_InvariantViolationMinBacklineTriggersF5	Passed	1
coverage	FailureMode_NaNTouchQualitySuppressesBadTouch	Passed	1
coverage	FailureMode_OutOfBoundsClamp_SlotsClamped	Passed	1
coverage	FallLogic_ForceAtFallThreshold_FallProbabilityPositive	Passed	1
coverage	FallLogic_ForceAtStumbleThreshold_StumbleProbabilityPositive	Passed	1
coverage	FallLogic_ForceBelowStumbleThreshold_NoStateChange	Passed	1
coverage	FallLogic_GroundedTriggered_WhenForceExceedsFallThreshold	Passed	1
coverage	FallLogic_Strength20RequiresMoreForceThanStrength1	Passed	1
coverage	FallbackHold_CarriesCorrectAgentId	Passed	1
coverage	FamilyTables_NeverReferenceAGoalkeeperSlot	Passed	1
coverage	FastApproachingBall_Deflects	Passed	1
coverage	FastSeparatingOverlap_DoesNotSignalDeflection	Passed	1
coverage	Fatigue_PropagatesFromAgentStateToErrorCalculation	NotExecuted	1
coverage	FieldsEqual_MatchesOnValuesRegardlessOfApplyOrder	Passed	1
coverage	FilterAvailable_EveryPlayerSuspended_ReturnsNull	Passed	1
coverage	FilterAvailable_NobodySuspended_ReturnsTheSameInstance	Passed	1
coverage	FilterAvailable_NullArguments_Throw	Passed	1
coverage	FilterAvailable_ReducingBelowEighteen_DoesNotThrow_AndDoesNotBackFill	Passed	1
coverage	FilterAvailable_SomeoneSuspended_ReturnsAReducedCopy_PreservingClubIdAndOrder	Passed	1
coverage	FinalThirdXM_IsTwoThirdsOfPitchLength	Passed	1
coverage	FinalizeSession_EmptyCorpus_Throws	Passed	1
coverage	FinalizeSession_ProjectsCompleteRecord	Passed	1
coverage	FinancesViewModel_CopiesOnlyObserverFields	Passed	1
coverage	FindMarker_MismatchedSpans_Throws	Passed	1
coverage	FindMarker_OutsideRadius_ReturnsFalse	Passed	1
coverage	FindMarker_PicksNearestInsideRadius_SkipsNonFinite	Passed	1
coverage	FirstFrame_SeedsPreviousAndCurrentToItself	Passed	1
coverage	FirstProcessedTick_IsOne_AndFirstAiTickIsStride	Passed	1
coverage	FirstTouchAbility_CopiesRawValue	Passed	1
coverage	FirstTouch_IsDeterministicAcrossTwoRuns	Passed	1
coverage	FittedConstants_AreTheA4aRecordedFit	Passed	1
coverage	FittedConstants_MovedOffTheProvisionalValues	Passed	1
coverage	FixtureKey_IsSensitiveToEveryInput	Passed	1
coverage	FixtureKey_ReversedVenue_DiffersFromForward	Passed	1
coverage	Fixtures_AccessorReturnsCopy_NotALiveView	Passed	1
coverage	FlagEnums_EachFlagIsASingleBitWithinTheByteCeiling	Passed	1
coverage	FlagOff_DurableCapture_Succeeds	Passed	1
coverage	FlagOff_TicksDeterministically_AndCommitsNoIntent	Passed	1
coverage	FlagOn_DurableCapture_Succeeds	Passed	1
coverage	FlagOn_RestoreFromNonZeroCursor_ResumesArcStreamDeterministically	Passed	1
coverage	FlagOn_SaveRestoreAdvance_MatchesUninterruptedRun	Passed	1
coverage	FlagOn_StillLatchedTrigger_DoesNotRefireOnRestore	Passed	1
coverage	FlagOn_TwoRuns_AreForwardDeterministic	Passed	1
coverage	FloatFlagTuple_ComputeHash_IsDeterministicAndSensitive	Passed	1
coverage	FloatFlagTuple_Stage0Mono_ComputeHash_MatchesGoldenVector	Passed	1
coverage	FocusPlay_OrdinalsAreStable	Passed	1
coverage	FocusTables_CoverEveryDefinedOrdinal	Passed	1
coverage	ForAgent_InvalidAgent_Throws	Passed	1
coverage	ForAgent_ReturnsPerAgentTactic	Passed	1
coverage	ForLeague_CanonicalizesToAscendingKeys	Passed	1
coverage	ForLeague_CreatesAStateForEveryPlayerOfEveryClub	Passed	1
coverage	ForLeague_RefusesADuplicateClub	Passed	1
coverage	ForLeague_RefusesAnUnresolvableClub	Passed	1
coverage	ForLeague_SeedsTheNeverAdvancedSentinel_NotDefault	Passed	1
coverage	ForTeam_InvalidTeam_Throws	Passed	1
coverage	ForTeam_ReturnsPerTeamTactic	Passed	1
coverage	ForceBallLoose_ExitsControlledState	Passed	1
coverage	ForcedKeeperRelease_ExitsControlled_AndDropsBallAtFeet	Passed	1
coverage	ForcedStartExtremis_TheOnlyGoalkeeper_IsReinstatedIntoTheXi_AndHisBanStalls	Passed	1
coverage	FoulCallProbability_AtThreshold_EqualsTheConfiguredProbability	Passed	1
coverage	FoulCallProbability_NonPositiveOrNonFinite_ReturnsZero	Passed	1
coverage	FoulCallProbability_SaturatesAtOne	Passed	1
coverage	FoulCallProbability_ScalesLinearlyWithForce	Passed	1
coverage	FoulCommittedEvent_OrdinalIs0x05_TierA	Passed	1
coverage	FoulCooldown_DecrementsEachTick	Passed	1
coverage	FoulRateDiagnostic_ReportsRateVersusThreshold	NotExecuted	1
coverage	Foul_RoutesByOffenderAgentTeam_AndMapsLocation	Passed	1
coverage	FovOrientation_FollowsAgentStateFacingDirection	NotExecuted	1
coverage	Fov_RecomputedFreshEachHeartbeat	NotExecuted	1
coverage	Frame_BeforeTheFirstTick_ReportsNotReady	Passed	1
coverage	Frame_DoesNotEnqueueAnything	Passed	1
coverage	FreekickTrajectory_CurvesWithinExpectedRange	Passed	1
coverage	FreshEngine_ReportsNoCardsNoSendingsOffNoSubstitutes	Passed	1
coverage	FreshEngine_ReportsNoRestart	Passed	1
coverage	FreshState_AdvancesWorldDayZero_TTMDDET006	Passed	1
coverage	FreshState_AdvancesWorldDayZero_TTRDET004	Passed	1
coverage	FreshState_ReadsZeroOnAnyDay	Passed	1
coverage	Fresh_StartsFullySecure	Passed	1
coverage	FromArray_WeakFootRating_Untouched	Passed	1
coverage	FromArray_WrongLength_Throws	Passed	1
coverage	FromAssemblies_NullEntry_Throws	Passed	1
coverage	FromAssemblies_NullList_Throws	Passed	1
coverage	FromAssemblies_ProjectsSimpleNameAndManifestMvid	Passed	1
coverage	FromBlocks_ABirthWorldDayBelowTheDerivableFloor_IsRefused	Passed	1
coverage	FromBlocks_AClubAboveClubSquadSize_IsRefused	Passed	1
coverage	FromBlocks_ACrossClubDuplicatePlayerId_IsRefused	Passed	1
coverage	FromBlocks_AGrowthCursorBeyondOneWholePoint_IsRefused	Passed	1
coverage	FromBlocks_ANeverAdvancedSentinelCursor_IsRefused	Passed	1
coverage	FromBlocks_AnEmptyClub_IsRefused	Passed	1
coverage	FromBlocks_AnIdCursorAtOrBelowACarriedId_IsRefusedByTheCodecToo	Passed	1
coverage	FromBlocks_AnUnboundClubElement_IsRefused	Passed	1
coverage	FromBlocks_CopiesTheAppearanceArrays_SoTheBlocksAreNotABackDoor	Passed	1
coverage	FromBlocks_CopiesTheStateArrays_NotBorrowsThem	Passed	1
coverage	FromBlocks_CopiesTheStateArrays_SoTheBlocksAreNotABackDoor	Passed	1
coverage	FromBlocks_IdCursorAtOrBelowHighestCarriedPlayerId_IsRefused	Passed	1
coverage	FromBlocks_NonAscendingClubIds_IsRefused	Passed	1
coverage	FromBlocks_NonAscendingPlayerIdsWithinAClub_IsRefused	Passed	1
coverage	FromBlocks_NullClubsArray_IsRefused	Passed	1
coverage	FromBlocks_OutOfRangeValues_AreRefusedAtConstruction_NotOnlyAtSave	Passed	1
coverage	FromBlocks_RefusesABlockPairDescribingDifferentClubs	Passed	1
coverage	FromBlocks_RefusesABlockPairDescribingDifferentPlayers	Passed	1
coverage	FromBlocks_RefusesADifferentNumberOfClubs	Passed	1
coverage	FromBlocks_RefusesUnorderedPlayerIds	Passed	1
coverage	FromEntries_AcceptsAStrictlyAscendingArray	Passed	1
coverage	FromEntries_CopiesTheArray_CallerMutationDoesNotReachTheState	Passed	1
coverage	FromEntries_RefusesAnAllZeroRow	Passed	1
coverage	FromEntries_RefusesDuplicateKeys	Passed	1
coverage	FromEntries_RefusesNonAscendingOrder	Passed	1
coverage	FromEntries_RefusesNull	Passed	1
coverage	FromRows_RejectsNullShortAndDuplicateRows	Passed	1
coverage	FromRows_StoresInAscendingClubIdOrderRegardlessOfInput	Passed	1
coverage	FromStreamer_RefusesANullStreamer	Passed	1
coverage	FromStreamer_SamplesTheRealRosterFromARealEngine	Passed	1
coverage	FromTick_KeepsOnlyTheResumeTail	Passed	1
coverage	FromTick_ValidatesTheWholeLog_NotJustTheSlice	Passed	1
coverage	From_IsObserverNeutral	Passed	1
coverage	From_NullState_Throws	Passed	1
coverage	From_ProjectsTableCalendarAndBoard	Passed	1
coverage	FtzSet_FailsPin	Passed	1
coverage	FullHeartbeat_22Agents_AllSnapshotsProducedNoNulls	NotExecuted	1
coverage	FullMatch90Minutes_NoCrashNoNaN	NotExecuted	1
coverage	FullMatchFlow_EndsBackAtMainMenu	Passed	1
coverage	FullPassCycle_IdleToComplete_CorrectEventOrder	NotExecuted	1
coverage	FullSeason_LeavesTheCursorAtTheEndAndTheViewComplete	Passed	1
coverage	FullSeason_PopulatesEveryClubsRowForEveryRound	Passed	1
coverage	FullTimeBoundary_SetsMatchEnded_AndFiresOnce	Passed	1
coverage	FullTimeLocksEveryMatchFacingControl	Passed	1
coverage	FullTime_OutranksSecondHalf	Passed	1
coverage	FullTwentyClubSeason_CompletesAndBalances	Passed	1
coverage	FullUpdate_NaNInput_RecoversWithoutException	Passed	1
coverage	FullyDrainedPlayer_DrainLoopExits_AndDoesNotGrind	Passed	1
coverage	FutureDatedBirthWorldDay_ThrowsRatherThanReadingAgeAsZero	Passed	1
coverage	GG001_ProductionGet_MatchesConstants	Passed	1
coverage	GG002_Posts_SymmetricAboutPitchCentreY	Passed	1
coverage	GG003_PostSpan_EqualsGoalWidth	Passed	1
coverage	GG004_TestOverride_OverridesAndClearsCorrectly	Passed	1
coverage	Gate_FiresKickoffDecisionInEngine_WhenNotBootApplied	Passed	1
coverage	Gate_HalfTime_FiresOnceRegardlessOfIntervalPosition	Passed	1
coverage	Gate_HumanNeverFires	Passed	1
coverage	Gate_KickoffAndIntervalArithmetic	Passed	1
coverage	Gegenpress_MatchesA1Composition	Passed	1
coverage	GenerateInteractionText_AutoCite_BreaksTiesDeterministically	Passed	1
coverage	GenerateInteractionText_AutoCite_CitesTheContactsEpisode	Passed	1
coverage	GenerateInteractionText_AutoCite_NoEdge_OmitsCitation	Passed	1
coverage	GenerateInteractionText_AutoCite_ResumesDeterministicallyAfterRestore	Passed	1
coverage	GenerateInteractionText_DivergesWithWorldSeed	Passed	1
coverage	GenerateInteractionText_ExpandsSlots	Passed	1
coverage	GenerateInteractionText_ResumesDeterministicallyAfterRestore	Passed	1
coverage	GenerateRegen_AdvancesCursorByExactlyTheReservationBudget	Passed	1
coverage	GenerateRegen_AndSeedFrom_CreditTheSameConstructionDayStep_ForTheSamePlayer	Passed	1
coverage	GenerateRegen_BlockBuiltFromAGeneratedRegen_IsAcceptedByFromBlocks	Passed	1
coverage	GenerateRegen_CurrentAbilityIsBelowPotential_WithRoomToGrow	Passed	1
coverage	GenerateRegen_GeneratedValues_AreWithinDeclaredBounds	Passed	1
coverage	GenerateRegen_LastAdvancedWorldDay_EqualsWorldDayPassedIn	Passed	1
coverage	GenerateRegen_NullRng_Throws	Passed	1
coverage	GenerateRegen_SameSeedAndClub_ProducesIdenticalRegen	Passed	1
coverage	GenerateRegen_UsesTheSuppliedFreshPlayerId	Passed	1
coverage	GenerateRunParams_DepthOffset_ClampedAtLowerBound	Passed	1
coverage	GenerateRunParams_DepthOffset_ClampedAtUpperBound	Passed	1
coverage	GenerateRunParams_RunTarget_ClampedToPitchBoundary	Passed	1
coverage	GenerateRunParams_RunTriggerTick_AlwaysAtLeastCurrentPlusOne	Passed	1
coverage	GenerateWithPositions_ConsumesTheSameBudgetAsTheDrawnPath	Passed	1
coverage	GenerateWithPositions_FailsLoudOnABadTemplate	Passed	1
coverage	GenerateWithPositions_HonoursTheTemplate	Passed	1
coverage	Generate_AdvancesTheWorldTextCursorByExactlyOne	Passed	1
coverage	Generate_AllAttributes_StayWithinBoundsAfterTheShift	Passed	1
coverage	Generate_AllGeneratedValues_WithinDeclaredBounds	Passed	1
coverage	Generate_AtBothBounds_Succeeds	Passed	1
coverage	Generate_BelowThresholdCitation_RefusedWithoutConsumingADraw	Passed	1
coverage	Generate_ClubAttributes_DoChangeWithLeagueSize	Passed	1
coverage	Generate_ClubBaseRoster_IsIndependentOfLeagueSize	Passed	1
coverage	Generate_ClubCountOutOfRange_FailsLoud	Passed	1
coverage	Generate_ClubIds_AreContiguousFromZero_AndPlayerIdsGloballyUnique	Passed	1
coverage	Generate_DefaultOverload_UsesTheConfiguredClubCount	Passed	1
coverage	Generate_DifferentSeed_DivergesInRostersAndStrengthOrder	Passed	1
coverage	Generate_DifferentSeed_ProducesDifferentSquad	Passed	1
coverage	Generate_DistinctSeed_YieldsDistinctFixtureOrder	Passed	1
coverage	Generate_DoesNotMutateCallerArray	Passed	1
coverage	Generate_DuplicateClubId_Throws	Passed	1
coverage	Generate_EligibleCitation_AppendsEpisodeClause	Passed	1
coverage	Generate_EvenClubCount_ContainsEveryOrderedPairExactlyOnce(2)	Passed	1
coverage	Generate_EvenClubCount_ContainsEveryOrderedPairExactlyOnce(20)	Passed	1
coverage	Generate_EvenClubCount_ContainsEveryOrderedPairExactlyOnce(4)	Passed	1
coverage	Generate_EvenClubCount_ContainsEveryOrderedPairExactlyOnce(6)	Passed	1
coverage	Generate_EverySquad_CanFieldEveryShippedFormation	Passed	1
coverage	Generate_ExpandsEverySlotToken	Passed	1
coverage	Generate_FewerThanTwoClubs_Throws	Passed	1
coverage	Generate_FourClubs_MatchesCorrectedWorkedSchedule	Passed	1
coverage	Generate_FullSeason_EveryClubHasEqualHomeAndAwayFixtures(20)	Passed	1
coverage	Generate_FullSeason_EveryClubHasEqualHomeAndAwayFixtures(4)	Passed	1
coverage	Generate_IdentitySeed_EqualsRingOrderGeneration	Passed	1
coverage	Generate_InvalidCount_Throws	Passed	1
coverage	Generate_KindlessCitation_Refused	Passed	1
coverage	Generate_NaNSalienceCitation_FailsClosed	Passed	1
coverage	Generate_Names_ComeFromTheCatalogueByIdAndAreStableAcrossSeeds	Passed	1
coverage	Generate_NegativeClubId_Throws	Passed	1
coverage	Generate_NoClubAppearsTwiceInARound(20)	Passed	1
coverage	Generate_NoClubAppearsTwiceInARound(4)	Passed	1
coverage	Generate_NoClubAppearsTwiceInARound(5)	Passed	1
coverage	Generate_NullRng_Throws	Passed	1
coverage	Generate_OddClubCount_EveryClubPlaysTwiceNMinusOne_NoPhantom(19)	Passed	1
coverage	Generate_OddClubCount_EveryClubPlaysTwiceNMinusOne_NoPhantom(3)	Passed	1
coverage	Generate_OddClubCount_EveryClubPlaysTwiceNMinusOne_NoPhantom(5)	Passed	1
coverage	Generate_PlayerIds_AreClubScopedAndSequential	Passed	1
coverage	Generate_PlayerIds_NoCollisionAcrossClubs	Passed	1
coverage	Generate_RefusesDefaultValuedSlots	Passed	1
coverage	Generate_RefusesNoneAndOutOfRosterIntents	Passed	1
coverage	Generate_RngCursor_AdvancesByExactBudgetPerPlayer	Passed	1
coverage	Generate_SameSeedSameCursor_ProducesIdenticalStrings	Passed	1
coverage	Generate_SameSeed_IsFieldIdentical	Passed	1
coverage	Generate_SameSeed_ProducesIdenticalSquad	Passed	1
coverage	Generate_Squads_AreAcceptedByTheRealMatchEngine	Passed	1
coverage	Generate_StrengthDeltas_SpanTheRamp	Passed	1
coverage	Generate_StrongerClub_HasHigherMeanAttribute	Passed	1
coverage	Generate_TwentyClubs_FirstLegVenuesAreBalanced	Passed	1
coverage	Generate_TwiceWithSameInputs_IsFieldIdentical	Passed	1
coverage	Generator_EveryCitationClause_IsFrozenEndToEnd	Passed	1
coverage	Generator_EveryPreDrawRefusalClass_PreservesCursorAndActionOrdinal	Passed	1
coverage	Generator_MultiDigitScoreAndCitationSpacing_AreFrozen	Passed	1
coverage	Generator_PinnedSeedsVisitEveryCurrentVariant_ByteExactly	Passed	1
coverage	Generator_ScorelessScore_IsFrozen	Passed	1
coverage	GenericLegacyComposition_EmptyFinanceStateIsNotSilentlyInitialized	Passed	1
coverage	GeometricPressure_ExcludesGoalkeeper	Passed	1
coverage	GeometricPressure_SaturatesAtOneWithNormalizerDefenders	Passed	1
coverage	GeometricPressure_ZeroWhenNoDefendersInRadius	Passed	1
coverage	GetCoefficientOfRestitution_AllKnownSurfaces_RoundTripsCatalogue	Passed	1
coverage	GetCoefficientOfRestitution_UnknownSurface_Throws	Passed	1
coverage	GetFrictionCoefficient_AllKnownSurfaces_RoundTripsCatalogue	Passed	1
coverage	GetFrictionCoefficient_UnknownSurface_Throws	Passed	1
coverage	GetPlayer_OutOfRange_Throws	Passed	1
coverage	GetRollingResistance_AllKnownSurfaces_RoundTripsCatalogue	Passed	1
coverage	GetRollingResistance_UnknownSurface_Throws	Passed	1
coverage	GetSpinRetention_AllKnownSurfaces_RoundTripsCatalogue	Passed	1
coverage	GetSpinRetention_UnknownSurface_Throws	Passed	1
coverage	Get_AllKnownBodyParts_RoundTripsCatalogueValues	Passed	1
coverage	Get_EveryDeclaredBodyPart_HasCatalogueEntry	Passed	1
coverage	Get_Frame_AfterTick_ReportsFrame_WithCorrectRosterLength	Passed	1
coverage	Get_Frame_BeforeAnyTick_ReportsNoFrame	Passed	1
coverage	Get_Root_Returns200Html	Passed	1
coverage	Get_UnknownBodyPart_ThrowsArgumentOutOfRangeException	Passed	1
coverage	Get_UnknownPath_Returns404	Passed	1
coverage	GkContactRateDiagnostic_ReportsEpisodeAnatomy	NotExecuted	1
coverage	GkDistributionPolicy_OrdinalsAreStable	Passed	1
coverage	GkHeadingEnabled_Setup_Builds_AndServicesACommand	Passed	1
coverage	GkHeadingState_FeedsSnapshotDigest	Passed	1
coverage	GkRushCommitment_MustExceedTheStateMachinesRushCommitThreshold	Passed	1
coverage	GkRushDiagnostic_ReportsRushAnatomy	NotExecuted	1
coverage	GkSaveDiagnostic_ReportsHandlingQualityCeiling	NotExecuted	1
coverage	GkSaveDiagnostic_ReportsSaveFunnel	NotExecuted	1
coverage	GoalAwardedEvent_OrdinalIs0x07_TierA	Passed	1
coverage	GoalConversionDiagnostic_ReportsContactFateAndCreationFunnel	NotExecuted	1
coverage	GoalDifference_AfterSequence_EqualsGoalsForMinusAgainst	Passed	1
coverage	GoalKick_PlacesBallInSixYardBox	Passed	1
coverage	GoalLineExit_ReportsAGoalKickOrCornerCue	Passed	1
coverage	GoalMouths_SpanTheIfabGoalWidth_OnEachGoalLine	Passed	1
coverage	GoalPath_IsUnaffectedByTheRestartWiring	Passed	1
coverage	GoalPostCollision_ReflectsVelocity	Passed	1
coverage	Goal_AirborneCrossing_OverTheBar_IsNotAGoal	Passed	1
coverage	Goal_AirborneCrossing_UnderTheBar_IsAGoal	Passed	1
coverage	Goal_AwayGoalMouthCrossing_ScoresHome_AndRestartsAtCentre	Passed	1
coverage	Goal_HomeGoalMouthCrossing_ScoresAway	Passed	1
coverage	Goal_OutsideThePosts_IsNotAGoal_AndRestartsAsGoalKick	Passed	1
coverage	Goal_ScorerCredit_TracksLastSettledHolder	Passed	1
coverage	Goal_TalliesAndMapsToTheScoringTeam	Passed	1
coverage	Goal_TwoRunsWithAGoal_BitwiseIdenticalDigests	Passed	1
coverage	GoalkeeperControl_ClampsAtDefendedGoalPlane_AndKeepsRecoveryCoherent(0)	Passed	1
coverage	GoalkeeperControl_ClampsAtDefendedGoalPlane_AndKeepsRecoveryCoherent(1)	Passed	1
coverage	GoalkeeperControl_PreservesClaimHeight_AndFollowsKeeper	Passed	1
coverage	GoalkeeperFootControl_ProcessedNormally	NotExecuted	1
coverage	GoalkeeperHold_NeverExceedsTheLawLimit_InComposedPlay	Passed	1
coverage	GoalkeeperHoldingTheBall_IsForcedToReleaseAtSixSeconds	Passed	1
coverage	GoldenDefaultSizeLeague_DigestIsUnchanged	Passed	1
coverage	GoldenLeague_DigestCoversEveryPlayerField	Passed	1
coverage	GoldenLeague_DigestIsUnchanged	Passed	1
coverage	GoldenLeague_SeasonSeedDerivationIsUnchanged	Passed	1
coverage	GoldenLeague_SpotValuesAreUnchanged	Passed	1
coverage	GoldenLeague_StrengthRampIsUnchanged	Passed	1
coverage	GoldenVectorEntry_RejectsUnknownKind	Passed	1
coverage	GoldenVectorResult_RejectsDefaultEntry	Passed	1
coverage	GoldenVector_TwoModules_MatchesIndependentDerivation	Passed	1
coverage	GravityForce_IsDownward	Passed	1
coverage	GravityForce_MatchesMassTimesG	Passed	1
coverage	GroundPass_ApplyKick_CalledWithNonZeroVelocity	NotExecuted	1
coverage	GroundedObstacle_RunnerStumbles	NotExecuted	1
coverage	GrowthBand_SpendsExactlyOnePointPerYear_CurveOff	Passed	1
coverage	GrowthProjection_DeclineIsUnbounded_ANeverRemovedVeteranReachesEveryAttributeAtMinimum	Passed	1
coverage	GuardState_FeedsSnapshotDigest	Passed	1
coverage	Guards_FailLoud	Passed	1
coverage	HalfTimeBoundary_DoesNotFlipMatchEnded	Passed	1
coverage	HalfTimeBoundary_ResetsBallToCentre_AndFiresOnce	Passed	1
coverage	HalfTimeKickoff_ReportsAKickOffCueForTheAwayTeam	Passed	1
coverage	HandPathZ_AtApexFrame_EqualsFullPeakHandZ	Passed	1
coverage	HandPathZ_AtGroundReEntryFrame_IsZero	Passed	1
coverage	HandlingLabel_QualityAtCatchThreshold_IsCaught	Passed	1
coverage	HandlingQuality_HigherHandlingAttr_ProducesHigherScalar	Passed	1
coverage	HandlingQuality_MaxFatigue_ReducesScalar	Passed	1
coverage	HandlingQuality_OneOnOneState_HasHigherScalarThanSetState	Passed	1
coverage	HandsOnBall_DistributeIntentAndReleaseTick_TransitionsToDistributing	Passed	1
coverage	HandsOnBall_SixSecondRuleExpired_ForcesDistributing	Passed	1
coverage	HardContacts_AreWeightedZeroAtStage2	Passed	1
coverage	Harness_IsReusable_AfterFinalize	Passed	1
coverage	Harness_RunsRealEngine_ProducesFiniteMetrics	Passed	1
coverage	HasEntry_DistinguishesAbsentFromCarried	Passed	1
coverage	HasEntry_NegativePlayerId_ReturnsFalse	Passed	1
coverage	HasGoalSideCover_ChasingDefenderBehindTheBall_IsNotCover(0)	Passed	1
coverage	HasGoalSideCover_ChasingDefenderBehindTheBall_IsNotCover(1)	Passed	1
coverage	HasGoalSideCover_DefenderLevelWithTheCarrier_IsNotCover(0)	Passed	1
coverage	HasGoalSideCover_DefenderLevelWithTheCarrier_IsNotCover(1)	Passed	1
coverage	HasGoalSideCover_GoalSideButOutsideTheCorridor_IsNotCover(0)	Passed	1
coverage	HasGoalSideCover_GoalSideButOutsideTheCorridor_IsNotCover(1)	Passed	1
coverage	HasGoalSideCover_OpponentsGoalkeepersAndSentOff_AreNotCover(0)	Passed	1
coverage	HasGoalSideCover_OpponentsGoalkeepersAndSentOff_AreNotCover(1)	Passed	1
coverage	HasGoalSideCover_TeammateBetweenBallAndGoal_IsCover(0)	Passed	1
coverage	HasGoalSideCover_TeammateBetweenBallAndGoal_IsCover(1)	Passed	1
coverage	HasInvalidValues_InvalidInputs_ReturnsTrue	Passed	1
coverage	HasInvalidValues_ValidInputs_ReturnsFalse	Passed	1
coverage	Hash_Is64LowercaseHexCharacters	Passed	1
coverage	HeaderAimTarget_AdvancementMovesTheAimFromTouchlineTowardGoalCentre	Passed	1
coverage	HeaderAimTarget_AimsAtTheOpponentGoalLine_ForBothTeams	Passed	1
coverage	HeaderAimTarget_MirrorsAboutTheHalfwayLine	Passed	1
coverage	HeaderAimTarget_PicksTheNearerTouchline_OnEitherSideOfTheWidthCentre	Passed	1
coverage	HeaderTrigger_CommitsHeadingProjection	Passed	1
coverage	HeadingAttrScale_HighHeadingProducesHigherScale	Passed	1
coverage	HeatmapAccrues_OverARealRun	Passed	1
coverage	Heatmap_AllOnOneSpot_LandsInOneBin	Passed	1
coverage	Heatmap_BinsPerTeam_AndDropsOffPitchAgents	Passed	1
coverage	HeightLiftsTheBallOnTheWorldYAxis_WithoutMovingItOverThePitch	Passed	1
coverage	HighBall_NotTouched	Passed	1
coverage	HighPressure_ReducesPassAndHold	Passed	1
coverage	HigherBaseUtility_Dominates	Passed	1
coverage	HkdfSha256_RfcTestCase1_ByteExact	Passed	1
coverage	Hkdf_ProjectCase4_RngKdfInvocationPattern_Pinned	Passed	1
coverage	Hkdf_RfcA1_PrkAndOkm_ByteExact	Passed	1
coverage	Hkdf_RfcA2_LongInputs_PrkAndOkm_ByteExact	Passed	1
coverage	Hkdf_RfcA3_EmptySaltAndInfo_PrkAndOkm_ByteExact	Passed	1
coverage	HoldMinimum_AlwaysAboveFloor	Passed	1
coverage	HoldSelected_TransitionsToIdle_NotExecuting	Passed	1
coverage	HoldTicks_SatisfiesLineDwellLowerBound	Passed	1
coverage	Hold_DispatchesStrafeWhileWatching	Passed	1
coverage	HomeAndAwayGoalCentres_MirrorAboutTheWorldOrigin	Passed	1
coverage	HomePass_RingPreservesAuthoritativeWorldFrame	Passed	1
coverage	HysteresisState_SeedFromFormation_442_CorrectDefaultLines	Passed	1
coverage	Hysteresis_Airborne_AboveExitThreshold_StaysAirborne	Passed	1
coverage	Hysteresis_AnchorChange_ResetsDwellCounter	Passed	1
coverage	Hysteresis_FullCycle_NoBouncing	Passed	1
coverage	Hysteresis_PhaseDoesNotFlip_OnSingleLooseballTick	Passed	1
coverage	Hysteresis_PhaseFlips_AfterDwellCount	Passed	1
coverage	Hysteresis_Rolling_BelowEnterThreshold_StaysRolling	Passed	1
coverage	IdentityCoach_YieldsTheExactStage2Delta_TTRCOA001	Passed	1
coverage	IdentityModifier_LeavesBothTermsUnscaled_TTMDMOD001	Passed	1
coverage	IdentityRows_AreExactlyNeutral	Passed	1
coverage	IdentitySeedingCtor_SeedsStandard_ResolvesToIdentityScalar	Passed	1
coverage	Identity_IsIdentityForEveryAgent	Passed	1
coverage	InCapBoundaryExtremis_AtExactlyTheSearchCap_FindsTheCleanCandidate_NotTheGloballyWeakest	Passed	1
coverage	IncoherentState_FailsLoud_TTMDFAIL004	Passed	1
coverage	IndexOf_ReturnsMinusOneWhenAbsent	Passed	1
coverage	Index_DuplicateManifestPath_ThrowsArgumentException	Passed	1
coverage	Index_DuplicateScenarioNameUnderDistinctPaths_ThrowsArgumentException	Passed	1
coverage	InitialState_IsIdle	Passed	1
coverage	Initialize_AfterLock_FullyResetsGuard	Passed	1
coverage	Initialized_AllNegativeInfinitySentinels_RoundTripsExactly	Passed	1
coverage	InjectedFoul_AwardsFreeKickAtVictimPosition_AndArmsCooldown	Passed	1
coverage	InjectedFoul_ReportsAFreeKickCueForTheVictimsTeam	Passed	1
coverage	InjectedFoul_SentOffOffender_DiscardedWithoutCardOrCooldown	Passed	1
coverage	InjectedFoul_SentOffVictim_DiscardedWithoutRestartOrCooldown	Passed	1
coverage	InjuryRisk_IsMitigatedByOwnRobustnessAttributes	Passed	1
coverage	InjuryRisk_MonotoneInFatigue_InverseInCondition_Clamped_TTRINJ001	Passed	1
coverage	InsideTheDeclineRamp_TheDrainIsPartial_NotAllOrNothing	Passed	1
coverage	InstrBiasDefault_IsMultiplicativeIdentity	Passed	1
coverage	InstrBiasMult_PinnedExactValues	Passed	1
coverage	InstrBias_OrdinalsAreStable	Passed	1
coverage	Integration_4231_TransToAtk_AMAdvances	NotExecuted	1
coverage	Integration_433Tick_LWSlotLeftChannel	Passed	1
coverage	Integration_442Tick_GkSlotInOwnHalf	Passed	1
coverage	Integration_9AgentInPossession_CounterAttackProfile_FastestTiming	NotExecuted	1
coverage	Integration_9AgentInPossession_DirectProfile_MaxThreeRunners	NotExecuted	1
coverage	Integration_9AgentInPossession_PossessionProfile_InvariantsSatisfied	NotExecuted	1
coverage	Integration_AllDefenseLineMembership_ZeroRunners	NotExecuted	1
coverage	Integration_AntiChaosCombination_Resolved	NotExecuted	1
coverage	Integration_DepthOffset_VerifiedAcrossAllThreeProfiles	NotExecuted	1
coverage	Integration_F2Fallback_ValidArchetype	NotExecuted	1
coverage	Integration_FullMatch_90Min_StateConsistency	NotExecuted	1
coverage	Integration_Hysteresis_OscillationSuppressedOver10Ticks	NotExecuted	1
coverage	Integration_LaneOverload_Resolved_BySpacing	NotExecuted	1
coverage	Integration_OrchestratorNonInvocation_OfStage0Default	NotExecuted	1
coverage	Integration_OutOfPoss_NarrowerLateralSpread_Than_InPoss	Passed	1
coverage	Integration_OutOfPossession_SkipsAllComputation_5Ticks	NotExecuted	1
coverage	Integration_OverloadDeclared_CorrectFlank	NotExecuted	1
coverage	Integration_OverloadNotDeclared_WeakSideExcluded	NotExecuted	1
coverage	Integration_PhaseOscillationSuppressed	NotExecuted	1
coverage	Integration_PossessionToTransitionToOutOfPossession_15Ticks	NotExecuted	1
coverage	Integration_SubstitutionSentinel_Preserved	NotExecuted	1
coverage	Integration_T_DA_060_PressAndDefendPartitionDisjointAcrossTenTicks	NotExecuted	1
coverage	Integration_T_DA_061_PhaseTransitionCycleWithHysteresisPreservation	NotExecuted	1
coverage	Integration_T_DA_062_TransitionPhasePossessionTurnoverInterceptRunner	NotExecuted	1
coverage	Integration_T_DA_063_OffsideTrapFourDefenderBacklineAdvancesSimultaneously	NotExecuted	1
coverage	Integration_T_DA_064_EmergencyLastManAndGkOutOfPositionSameTick	NotExecuted	1
coverage	Integration_T_DA_065_AntiChaosCascadeResolvesWithinThreePasses	NotExecuted	1
coverage	Integration_T_DA_066_IdenticalInputsProduceBitIdenticalOutput	NotExecuted	1
coverage	Integration_T_DA_067_AssignThenSuppressOpponentExitsRadiusMidDwell	NotExecuted	1
coverage	Integration_T_DA_068_GkReentryReleaseCoverGkZone	NotExecuted	1
coverage	Integration_T_DA_069_PostTrapCooldownBlocksRefire	NotExecuted	1
coverage	Integration_T_DA_070_NinetyMinMatchPoolSizesConsistentWithPressingPartition	NotExecuted	1
coverage	Integration_T_DA_071_PhaseChangeTakesEffectImmediately	NotExecuted	1
coverage	Integration_T_HE_I_001_OpenPlayHeaderFromCrossProducesOutgoingVelocity	NotExecuted	1
coverage	Integration_T_HE_I_002_CornerKickHeaderRoutesIdenticallyToOpenPlay	NotExecuted	1
coverage	Integration_T_HE_I_003_FreeKickHeaderFarPostDownwardVolley	NotExecuted	1
coverage	Integration_T_HE_I_004_GoalkeeperHeadedClearanceUsesStandardPipeline	NotExecuted	1
coverage	Integration_T_HE_I_005_Contested2WayDuelWinnerAndLoserEmitCorrectEvents	NotExecuted	1
coverage	Integration_T_HE_I_006_Contested3WayDuelTightAndLopsidedSubScenarios	NotExecuted	1
coverage	Integration_T_HE_I_007_MistimedJumpEmitsFailedEventAndLeavesBalUnchanged	NotExecuted	1
coverage	Integration_T_HE_I_008_OwnGoalShapeFlagPublishedToEventSystem	NotExecuted	1
coverage	Integration_T_HE_I_009_DeterministicReplay1000TickByteIdentical	NotExecuted	1
coverage	Integration_T_I_001_EachTriggerOutOfPossProducesActiveDirective	NotExecuted	1
coverage	Integration_T_I_002_InPossPhaseBoundaryEmptiesDirective	NotExecuted	1
coverage	Integration_T_I_003_PossessionTurnoverSequenceProducesCorrectEvolution	NotExecuted	1
coverage	Integration_T_I_004_DisengageRoundTripOver50Ticks	NotExecuted	1
coverage	Integration_T_I_005_SubstitutionPreservesLastPressAssignment	NotExecuted	1
coverage	Integration_T_I_006_SimultaneousTriggersTieBreakByEntityId	NotExecuted	1
coverage	Integration_T_I_007_ThreeAgentCostTieResolvesDeteterministicallyByEntityId	NotExecuted	1
coverage	Integration_T_I_008_F5FallbackOnMaxDisplacementViolation	NotExecuted	1
coverage	Integration_T_I_009_HysteresisStateSurvivesSaveRestoreRoundTrip	NotExecuted	1
coverage	Integration_T_I_010_IdenticalInputsProduceBitIdenticalOutput	NotExecuted	1
coverage	Integration_WidthHolding_BothSides	NotExecuted	1
coverage	IntentTravelsThroughTheTransport_AndReachesTheQueue	Passed	1
coverage	Intent_AppliesOnTheNextServicedTick_AndIsRecorded	Passed	1
coverage	Intent_BadTeam_Is400	Passed	1
coverage	Intent_EnqueuesRatherThanTouchingTheEngine	Passed	1
coverage	Intent_OmittedDial_KeepsTheBalancedIdentity_RatherThanGuessing	Passed	1
coverage	Intent_SetPlayerTactic_Is501_NotAPartialGuess	Passed	1
coverage	Intent_UndefinedEnumValue_IsRefusedNotAccepted	Passed	1
coverage	Intent_UnknownKind_Is400	Passed	1
coverage	InterceptNotGenerated_WhenBallSnapshotStale	Passed	1
coverage	InterceptNotGenerated_WhenSlowBallIsPossessed	Passed	1
coverage	Intercept_DispatchesSprintUrgent	Passed	1
coverage	InterleavedTeamOrder_StillNumbersPerTeam	Passed	1
coverage	InvalidSnapshot_DoesNotStompExecutingState	Passed	1
coverage	InvalidSnapshot_WrongObserverId_StaysIdle	Passed	1
coverage	InvalidTableCoordinates_FailLoud(0,20)	Passed	1
coverage	InvalidTableCoordinates_FailLoud(1,0)	Passed	1
coverage	InvalidTableCoordinates_FailLoud(1,1)	Passed	1
coverage	InvalidTableCoordinates_FailLoud(21,20)	Passed	1
coverage	InvariantEnforcer_RunsAfterAssignmentBeforePublish	NotExecuted	1
coverage	Invariant_ControlQualityAlwaysInUnitRange	Passed	1
coverage	Invariant_NewBallPositionAlwaysWithinPitchBounds	Passed	1
coverage	Invariant_TouchRadiusAlwaysInValidRange	Passed	1
coverage	Involves_MatchesEitherClub	Passed	1
coverage	IsAvailable_AbsentRow_IsTrue	Passed	1
coverage	IsAvailable_ActiveBan_IsFalse	Passed	1
coverage	IsAvailable_IsTrueOnlyWhenHealthy_TTMDAVAIL001	Passed	1
coverage	IsAvailable_NullState_Throws	Passed	1
coverage	IsAvailable_YellowsButNoBan_IsTrue	Passed	1
coverage	IsEmpty_TrueOnlyWhenBothYellowsAndBanAreZero	Passed	1
coverage	IsOffside_AwayTeamAttacksNegativeX	Passed	1
coverage	IsOffside_BeyondLineInOpponentHalf_IsOffside	Passed	1
coverage	IsOffside_NaNLine_NeverOffside	Passed	1
coverage	IsOffside_OwnHalf_NeverOffside	Passed	1
coverage	IsOnPitch_IncludesTheBoundaries_AndExcludesBeyondThem	Passed	1
coverage	IsOnTrack_MeetsObjectiveAtOrAboveTarget	Passed	1
coverage	IsRegistered_ReturnsFalse_ForPlaceholderRows	Passed	1
coverage	IsRegistered_ReturnsFalse_ForUnseededOrdinalZero	Passed	1
coverage	IsRegistered_ReturnsTrue_ForFullySeededRows	Passed	1
coverage	IsStable_FalseWhenDwellCounterBelowThreshold	Passed	1
coverage	IsStable_TrueAfterDwellTicksReached	Passed	1
coverage	IsSuspended_TrueOnlyWhenBanMatchesRemainingIsPositive	Passed	1
coverage	IsWithinSupportRadius_CounterProfile_AgentAt4mIsCandidate	Passed	1
coverage	IsWithinSupportRadius_FalseJustOutsideRadius	Passed	1
coverage	IsWithinSupportRadius_TrueJustInsideRadius	Passed	1
coverage	JumpReach_IsAlwaysPositive	Passed	1
coverage	JumpReach_MaxAttributes_ReturnsMaxReach	Passed	1
coverage	JumpReach_MinAttributes_ReturnsBaseReach	Passed	1
coverage	JumpReach_MonotoneInBalance	Passed	1
coverage	JumpReach_MonotoneInHeading	Passed	1
coverage	JumpReach_MonotoneInStrength	Passed	1
coverage	KeeperIndexIsTeamId_CouplingHolds	Passed	1
coverage	KeyBeforeSection_Throws	Passed	1
coverage	KickResult_OrdinalsAreStable	Passed	1
coverage	Kick_ArmsTheLatchOnTheIntendedReceiver	Passed	1
coverage	KickoffBaseline_CarriesRealMonoFloatModelHash_NotPlaceholder	Passed	1
coverage	KickoffBaseline_IsCertified_CarriesRealMetric	Passed	1
coverage	KickoffScore_NullCatalogue_FailsLoud	Passed	1
coverage	KickoffScoring_WorkedExampleB1_Aggressive	Passed	1
coverage	KickoffScoring_WorkedExampleB1_Pragmatic	Passed	1
coverage	KickoffSelection_TieBreaksToLowestOrdinal	Passed	1
coverage	Kickoff_AwardsPossessionToAHomeAgent	Passed	1
coverage	Kickoff_EachKeeperStandsOnTheGoalLineItDefends	Passed	1
coverage	Kickoff_KeepersGuardOppositeGoals	Passed	1
coverage	Kickoff_TakerIsTheNearestEligibleAgentToTheCentreSpot	Passed	1
coverage	Kinds_AreExactlyThreeGameCommandsPlusNoneSentinel_NoPlaybackKind	Passed	1
coverage	LA001_CentreHighPower_LowLaunchAngle	Passed	1
coverage	LA001_Ground_20m_AngleWithinBounds	Passed	1
coverage	LA002_BelowCentre_HigherAngleThanCentre	Passed	1
coverage	LA002_Lofted_30m_AngleWithinBounds	Passed	1
coverage	LA003_Chip_12m_AngleWithinBounds	Passed	1
coverage	LA003_OffCentre_HigherAngleThanCentre	Passed	1
coverage	LA004_CrossFlat_AngleWithinBounds	Passed	1
coverage	LA004_HighSpinBelowCentre_ElevatesAngle	Passed	1
coverage	LA005_CrossHigh_AngleWithinBounds	Passed	1
coverage	LA005_HighPower_SuppressesLiftVsLowPower	Passed	1
coverage	LA006_BodyLean_IncreasesLaunchAngle	Passed	1
coverage	LA006_Lofted_ShortDistanceAngle_GreaterThanLongDistance	Passed	1
coverage	LA007_ComputeLaunchAngle_IsDeterministic	Passed	1
coverage	LA007_WorstCaseStack_AngleClampedAtMax	Passed	1
coverage	LA008_KickVelocity_ZComponent_MatchesSinOfAngle	Passed	1
coverage	LA008_StationaryAgent_ZeroBodyLean	Passed	1
coverage	LR001_Decisions1_LrecIs5Ticks	Passed	1
coverage	LR001_ProcessVisible_ConfirmsAfterLrecTicks	Passed	1
coverage	LR002_Decisions20_LrecIs1Tick	Passed	1
coverage	LR003_Decisions10_LrecIs3Ticks	Passed	1
coverage	LR004_HalfTurnBonus_PeripheralArc_ReducesLrec	Passed	1
coverage	LR005_HalfTurnBonus_NotApplied_OutsidePeripheralArc	Passed	1
coverage	LR006_NoiseIsAdditive_NeverBelowLMin	Passed	1
coverage	LR007_OneTick_VisibilityGap_DoesNotResetConfirmation	Passed	1
coverage	LR008_TwoTick_VisibilityGap_ResetsConfirmation	Passed	1
coverage	LR_DeterministicHash_AlwaysNonNegative	Passed	1
coverage	LR_ForcedRefresh_ConfirmsImmediately	Passed	1
coverage	Ladder_LeadProtection_StepsDefensive	Passed	1
coverage	Ladder_RefusesNonPositiveMatchTotal	Passed	1
coverage	Ladder_UrgencyDiffCap_ThreeGoalsScoreAsTwo	Passed	1
coverage	Ladder_WorkedExampleB2	Passed	1
coverage	Lambda_AtZeroEdge_IsBaseGoals	Passed	1
coverage	Lambda_ClampsAreCoherent	Passed	1
coverage	Lambda_IsClampedBothWays	Passed	1
coverage	Lambda_IsMonotoneInEdge	Passed	1
coverage	LaneEdges_Y30_ClassifiesAsCenterLane	Passed	1
coverage	LaneResolution_SlotAtCentreY_ClassifiesAsCenter	Passed	1
coverage	LaneResolution_SlotInLeftChannel_ClassifiesAsLW	Passed	1
coverage	LaneResolution_SlotInRightChannel_ClassifiesAsRW	Passed	1
coverage	Latch_ClearsWhenAnybodyEstablishesPossession	Passed	1
coverage	Latch_ClearsWhenTheBallHasStopped	Passed	1
coverage	Latch_ClearsWhenTheBallIsNoLongerTravellingToTheReceiver	Passed	1
coverage	Latch_EnumerateRestore_RoundTripsCanonically_AndRejectsNonCanonicalOrder	Passed	1
coverage	Latch_IsMonotone_NothingButAKickCanReArmIt	Passed	1
coverage	LateralMultiplier_EndpointsMatchConstants	Passed	1
coverage	LatestPressPassEvent_FeedsSnapshotDigest	Passed	1
coverage	LeagueStrengthSpread_IsWithinTheAttributeScaleItShifts	Passed	1
coverage	League_HandsOutCopies_NotItsOwnState	Passed	1
coverage	League_RefusesNonContiguousIds	Passed	1
coverage	LifecycleView_AgeBand_ReflectsTheCurrentDerivedAge	Passed	1
coverage	LineOfEngagement_OrdinalsAreStable	Passed	1
coverage	LineResolution_DefendersBehindMidline_ClassifiedAsDefense	Passed	1
coverage	LineResolution_GkExcludedFromLineAssignment	Passed	1
coverage	LineWithoutEquals_Throws	Passed	1
coverage	Linear_OverflowingSchedule_Throws	Passed	1
coverage	Linear_ProducesEvenlySpacedAscendingDays	Passed	1
coverage	LiveDispatch_Enqueues_AndAppliesNothingUntilTheSimThreadDrains	Passed	1
coverage	LiveDispatch_OfARefusedIntent_ThrowsNowhereAndIsRecordedAsFailed	Passed	1
coverage	LiveDispatch_PreservesOrderAcrossKinds	Passed	1
coverage	Load_CompletedSeason_PassesTheCursorInvariantVacuously	Passed	1
coverage	Load_CorruptFile_FailsLoud	Passed	2
coverage	Load_DistinctSquadMatchNoProvider_FailsLoud	Passed	1
coverage	Load_DistinctSquadNoProvider_FailsLoud	Passed	1
coverage	Load_FutureDatedBirthWorldDay_FailsLoud	Passed	1
coverage	Load_FutureDatedCareerCursor_FailsLoud	Passed	1
coverage	Load_FutureDatedProgressionCursor_FailsLoud	Passed	1
coverage	Load_MatchWithPopulatedProgression_RestoresFromFileRosterNotCallerBootstrap	Passed	1
coverage	Load_MissingFile_Throws	Passed	2
coverage	Load_NoMatchSeason_WithProvider_IgnoresProvider	Passed	1
coverage	Load_NonEmptyFinanceBlockMissingCurrentSeasonClub_FailsLoud	Passed	1
coverage	Load_RestoreLoop_SaveAs_PreservesPopulatedFinances	Passed	1
coverage	Load_WorldPastTheNextFixtureDay_FailsLoud	Passed	1
coverage	Locked_RoundTripsExactly	Passed	1
coverage	LoftedPass_ApplyKick_VelocityYPositive	NotExecuted	1
coverage	LongBall_DecaysRealistically	Passed	1
coverage	LongRangeOpenShot_LosesToModeratePass_CloseShotDoesNot	Passed	1
coverage	Lookup_IsCaseInsensitive	Passed	1
coverage	LooseBallAtRest_DesignatesOneCollectorPerTeam_ExcludingSentOff	Passed	1
coverage	LooseBallAtRest_IsPickedUpByTheNearestAgentInReach	Passed	1
coverage	LooseBallAtRest_OutOfReach_StaysLoose	Passed	1
coverage	LooseBallAtRest_SentOffAgentDoesNotPickItUp	Passed	1
coverage	LooseBallSentinel_IsAccepted	Passed	1
coverage	LooseBall_ArrivingAtAgent_GainsPossession	Passed	1
coverage	LooseBall_ArrivingAtAwayAgent_GainsPossession	Passed	1
coverage	LooseBall_DoesNotFreezeElapsedTackleCooldown	Passed	1
coverage	LoosePickup_ProducesControlledBall_AndAnchorsToHolder	Passed	1
coverage	LrecTracking_NoMemoryLeakOverExtendedSimulation	NotExecuted	1
coverage	MagnusForce_HighSpinParameter_ClampsLiftCoefficient	Passed	1
coverage	MagnusForce_ParallelSpinAndVelocity_ReturnsZero	Passed	1
coverage	MagnusForce_Sidespin_CurvesLaterally	Passed	1
coverage	MagnusForce_Topspin_ProducesDownwardForce	Passed	1
coverage	MagnusForce_ZeroSpin_ReturnsZero	Passed	1
coverage	MagnusForce_ZeroVelocity_ReturnsZero	Passed	1
coverage	MakeZonal_SetsFieldsCorrectly	Passed	1
coverage	MalformedBool_ThrowsFormatException	Passed	1
coverage	MalformedFloat_ThrowsFormatException	Passed	1
coverage	MalformedFrame_DoesNotPoisonTheLastKnownCache	Passed	1
coverage	MalformedInt_ThrowsFormatException	Passed	1
coverage	"MalformedRequestLines_Return400("" GET / HTTP/1.1"")"	Passed	1
coverage	"MalformedRequestLines_Return400("""")"	Passed	1
coverage	"MalformedRequestLines_Return400(""GE(T / HTTP/1.1"")"	Passed	1
coverage	"MalformedRequestLines_Return400(""GE:T / HTTP/1.1"")"	Passed	1
coverage	"MalformedRequestLines_Return400(""GE@T / HTTP/1.1"")"	Passed	1
coverage	"MalformedRequestLines_Return400(""GET  / HTTP/1.1"")"	Passed	1
coverage	"MalformedRequestLines_Return400(""GET /  HTTP/1.1"")"	Passed	1
coverage	"MalformedRequestLines_Return400(""GET / FTP/1.0"")"	Passed	1
coverage	"MalformedRequestLines_Return400(""GET / HTTP/1.0"")"	Passed	1
coverage	"MalformedRequestLines_Return400(""GET / HTTP/1.1 "")"	Passed	1
coverage	"MalformedRequestLines_Return400(""GET / HTTP/1.1 EXTRA"")"	Passed	1
coverage	"MalformedRequestLines_Return400(""GET / HTTP/2"")"	Passed	1
coverage	"MalformedRequestLines_Return400(""GET /"")"	Passed	1
coverage	"MalformedRequestLines_Return400(""GET /bad\\path HTTP/1.1"")"	Passed	1
coverage	"MalformedRequestLines_Return400(""GET /frame#fragment HTTP/1.1"")"	Passed	1
coverage	"MalformedRequestLines_Return400(""GET frame HTTP/1.1"")"	Passed	1
coverage	"MalformedRequestLines_Return400(""GET http://localhost/frame HTTP/1.1"")"	Passed	1
coverage	"MalformedRequestLines_Return400(""GET"")"	Passed	1
coverage	"MalformedRequestLines_Return400(""GET\t/ HTTP/1.1"")"	Passed	1
coverage	"MalformedRequestLines_Return400(""GE[T / HTTP/1.1"")"	Passed	1
coverage	"MalformedRequestLines_Return400(""GE]T / HTTP/1.1"")"	Passed	1
coverage	"MalformedRequestLines_Return400(""GE{T / HTTP/1.1"")"	Passed	1
coverage	"MalformedRequestLines_Return400(""GE}T / HTTP/1.1"")"	Passed	1
coverage	"MalformedRequestLines_Return400WithoutRouting("" GET / HTTP/1.1"")"	Passed	1
coverage	"MalformedRequestLines_Return400WithoutRouting("""")"	Passed	1
coverage	"MalformedRequestLines_Return400WithoutRouting(""GE(T / HTTP/1.1"")"	Passed	1
coverage	"MalformedRequestLines_Return400WithoutRouting(""GE:T / HTTP/1.1"")"	Passed	1
coverage	"MalformedRequestLines_Return400WithoutRouting(""GE@T / HTTP/1.1"")"	Passed	1
coverage	"MalformedRequestLines_Return400WithoutRouting(""GET  / HTTP/1.1"")"	Passed	1
coverage	"MalformedRequestLines_Return400WithoutRouting(""GET /  HTTP/1.1"")"	Passed	1
coverage	"MalformedRequestLines_Return400WithoutRouting(""GET / FTP/1.0"")"	Passed	1
coverage	"MalformedRequestLines_Return400WithoutRouting(""GET / HTTP/1.0"")"	Passed	1
coverage	"MalformedRequestLines_Return400WithoutRouting(""GET / HTTP/1.1 "")"	Passed	1
coverage	"MalformedRequestLines_Return400WithoutRouting(""GET / HTTP/1.1 EXTRA"")"	Passed	1
coverage	"MalformedRequestLines_Return400WithoutRouting(""GET / HTTP/2"")"	Passed	1
coverage	"MalformedRequestLines_Return400WithoutRouting(""GET /"")"	Passed	1
coverage	"MalformedRequestLines_Return400WithoutRouting(""GET /bad\\path HTTP/1.1"")"	Passed	1
coverage	"MalformedRequestLines_Return400WithoutRouting(""GET /frame#fragment HTTP/1.1"")"	Passed	1
coverage	"MalformedRequestLines_Return400WithoutRouting(""GET frame HTTP/1.1"")"	Passed	1
coverage	"MalformedRequestLines_Return400WithoutRouting(""GET http://localhost/frame HTTP/1.1"")"	Passed	1
coverage	"MalformedRequestLines_Return400WithoutRouting(""GET"")"	Passed	1
coverage	"MalformedRequestLines_Return400WithoutRouting(""GET\t/ HTTP/1.1"")"	Passed	1
coverage	"MalformedRequestLines_Return400WithoutRouting(""GE[T / HTTP/1.1"")"	Passed	1
coverage	"MalformedRequestLines_Return400WithoutRouting(""GE]T / HTTP/1.1"")"	Passed	1
coverage	"MalformedRequestLines_Return400WithoutRouting(""GE{T / HTTP/1.1"")"	Passed	1
coverage	"MalformedRequestLines_Return400WithoutRouting(""GE}T / HTTP/1.1"")"	Passed	1
coverage	MalformedSectionHeader_Throws	Passed	1
coverage	MalformedTransaction_FailsLoud(-1L,Debit,General)	Passed	1
coverage	MalformedTransaction_FailsLoud(1L,255,General)	Passed	1
coverage	MalformedTransaction_FailsLoud(1L,Debit,255)	Passed	1
coverage	ManagerMode_OrdinalStability	Passed	1
coverage	ManagerState_FeedsSnapshotDigest	Passed	1
coverage	ManyNoFixtureDays_StayByteIdenticalToBareAdvances	Passed	1
coverage	MarkDirectiveInactive_AllFalseZero	Passed	1
coverage	MarkHysteresisReset_ZeroesAllFields	Passed	1
coverage	MarkHysteresisStateDefault_ZeroValues	Passed	1
coverage	MarkPlayed_ReturnsNewValueLeavingOriginalUnplayed	Passed	1
coverage	MarkRadiusScalar_BalancedIsIdentity	Passed	1
coverage	MarkRadiusScalar_MonotoneBallToMan	Passed	1
coverage	MarkRadiusScalar_OutOfRangeOrdinal_ClampsToBoldestPeer	Passed	1
coverage	MarkSuspended_MaskLengthMismatch_Throws	Passed	1
coverage	MarkSuspended_NullArguments_Throw	Passed	1
coverage	MarkSuspended_OwnsTheMask_OverwritesAPreSetFlagForAPlayerWhoIsNotSuspended	Passed	1
coverage	MarkSuspended_ReturnsTheFullSuspendedCount_EvenWhenTheMaskWasAlreadyAllTrue	Passed	1
coverage	MarkUnavailable_OwnsTheMask_ClearsAPreSetFlagForAFitPlayer	Passed	1
coverage	MarkUnavailable_RecoveryRemaining_IsZeroForAFitPlayer_EvenWhenOthersAreInjured	Passed	1
coverage	MarkedPassTarget_DistantOpponent_NoPenalty	Passed	1
coverage	MarkedPassTarget_OffDial_IsExactIdentity	Passed	1
coverage	MarkedPassTarget_Penalised_ExactWorkedExample	Passed	1
coverage	MarkedPassTarget_UnawarePasser_TakesNoPenalty	Passed	1
coverage	MarkingDwell_StartsUnmarked_AndStaysCoherent	Passed	1
coverage	MarkingOrientation_FeedsSnapshotDigest	Passed	1
coverage	MarkingOrientation_OrdinalsAreStable	Passed	1
coverage	MatchBalanceDiagnostic_ReportsContactStream	NotExecuted	1
coverage	MatchBalanceDiagnostic_ReportsScorelineAsymmetry	NotExecuted	1
coverage	MatchClock_CurrentMatchTimeSeconds_TracksTicks	Passed	1
coverage	MatchClock_IsAiStrideTick_FiresEveryStride	Passed	1
coverage	MatchClock_SameSeed_IdenticalTicks	Passed	1
coverage	MatchClock_SecondsAndMs_Agree	Passed	1
coverage	MatchContext_BallZone_IsHomePerspective	Passed	1
coverage	MatchContext_LooseBall_IsContested	Passed	1
coverage	MatchContext_Possession_FollowsPossessingAgentTeam	Passed	1
coverage	MatchEntryFatigue_IsMonotoneAndBounded_TTRFAT003	Passed	1
coverage	MatchEntryFatigue_IsRecomputed_NotStored_TTRFAT001	Passed	1
coverage	MatchEntryFatigue_RisesWithAHeavyFocus	Passed	1
coverage	MatchFlowCompletionState_FeedsSnapshotDigest	Passed	1
coverage	MatchSeedFor_IsDeterministicAndDistinctFromTheFixtureKey	Passed	1
coverage	MatchSetup_SingleSquad_Throws_BothOrNeither	Passed	1
coverage	MatchStatline_RefusesNegativeCountsAndBadPossessionShare	Passed	1
coverage	MaxClubCount_FitsTheRngStreamBudget	Passed	1
coverage	MaxEventDispatchDepth_Positive	Passed	1
coverage	MaxEventSlotBytes_AtLeastEventHeaderBytes	Passed	1
coverage	MaxLateralOffsetM_IsHalfPitchWidth	Passed	1
coverage	MaxRunDepthM_Is40	Passed	1
coverage	MeanAttribute_IsArithmeticMeanOfThe31Fields	Passed	1
coverage	MechanicsCarriers_AreDeterministic_AcrossSameSeedRuns	Passed	1
coverage	MentalityBalanced_RiskAndLineRowsAreIdentity	Passed	1
coverage	MentalityLineBias_Balanced_IsExactlyZero	Passed	1
coverage	MentalityLineBias_IsMonotoneIncreasing	Passed	1
coverage	MentalityLineBias_PinnedExactValues	Passed	1
coverage	MentalityRiskMult_PinnedExactValues	Passed	1
coverage	MentalityRiskMultiplier_Balanced_IsExactlyOne	Passed	1
coverage	MentalityRiskMultiplier_IsMonotoneIncreasing	Passed	1
coverage	MentalityRiskMultiplier_WidenedValue_ClampsToTableBounds	Passed	1
coverage	MentalityTables_AreStrictlyMonotonic	Passed	1
coverage	Mentality_OrdinalsAreStable	Passed	1
coverage	MidSequenceRestore_EqualsAnUninterruptedRun	Passed	1
coverage	MigratePlayerId_ConflictingTargetRow_Throws	Passed	1
coverage	MigratePlayerId_MovesTallyAndUnservedBanVerbatim	Passed	1
coverage	MigratePlayerId_NegativeTargetId_ThrowsAndWritesNothing	Passed	1
coverage	MigratePlayerId_NoRows_IsANoOp	Passed	1
coverage	MigratePlayerId_ToALowerId_MovesEVERYCompetitionsRows	Passed	1
coverage	MigratePlayerId_ToTheSameId_IsANoOp	Passed	1
coverage	MigratePlayerId_WithOneConflictingCompetition_WritesNOTHING	Passed	1
coverage	MinRunDepthM_Is5	Passed	1
coverage	MinimalFinanceSaveShape_HasNoRngCursorOrActionOrdinal	Passed	1
coverage	MinimalStallExtremis_StartsExactlyTheForcedPlayer_AndOnlyHisBanStalls	Passed	1
coverage	MinimumTurnRadius_NearZeroRate_ReturnsMaxValue	Passed	1
coverage	MinimumTurnRadius_NormalInputs_MatchesKinematic	Passed	1
coverage	MisOrderedSquad_SelectsGoalkeeperForGkSlot_NotIndexZero	Passed	1
coverage	MismatchedArrays_FailLoud	Passed	1
coverage	MissingBalancedOrdinal_FailsLoud	Passed	1
coverage	MissingName_FailsLoud	Passed	1
coverage	MissingRequiredAffinityKey_FailsLoud	Passed	1
coverage	Mixed_IsIdentity_NoPreference	Passed	1
coverage	Move_FarTarget_DispatchesSprintUrgent	Passed	1
coverage	Move_MidTarget_DispatchesMoveTo	Passed	1
coverage	Move_NearTarget_DispatchesWalkTo	Passed	1
coverage	MovementAngleDeg_Opposite_Returns180	Passed	1
coverage	MovementAngleDeg_Orthogonal_Returns90	Passed	1
coverage	MovementAngleDeg_SameDirection_ReturnsZero	Passed	1
coverage	MovementAngleDeg_ZeroInput_ReturnsZero	Passed	1
coverage	MovingLooseBall_IsNotPickedUp_FirstTouchOwnsIt	Passed	1
coverage	MultiReinstatementExtremis_KeepsEveryBannedPlayerOutOfTheXi_WhenACompletingChoiceExists	Passed	1
coverage	MultiReinstatementExtremis_PressesTheWeakestBannedPlayersBack_AndTerminatesDeterministically	Passed	1
coverage	MultiTickJump_StillShiftsCurrentIntoPrevious	Passed	1
coverage	MutatingTheProducerArray_DoesNotChangeAProjectedView	Passed	1
coverage	MutatingTheProducerCueArray_DoesNotChangeAProjectedView	Passed	1
coverage	MutatingTheProducerHeatmapArray_DoesNotChangeTheStatline	Passed	1
coverage	MutatingTheProducerMapArray_DoesNotChangeTheResult	Passed	1
coverage	MutatingTheProducerSubstitutionArray_DoesNotChangeAProjectedView	Passed	1
coverage	NearestHeaderCandidate_AllOutOfRange_ReturnsMinusOne	Passed	1
coverage	NearestHeaderCandidate_ExactTie_LaterIndexWins	Passed	1
coverage	NearestHeaderCandidate_NotAirborneLoose_ReturnsMinusOne	Passed	1
coverage	NearestHeaderCandidate_PicksNearestOutfielder_ToLooseAirborneBall	Passed	1
coverage	NearestHeaderCandidate_SkipsGoalkeepersAndSentOff	Passed	1
coverage	NearestRank_OnTenSamples_MatchesHandComputation	Passed	1
coverage	NearestRank_SingleSample_P50EqualsP99	Passed	1
coverage	NegativeCoherenceFields_FailAtConsumingSeams	Passed	1
coverage	NegativeScore_Throws	Passed	1
coverage	NeutralDemo_Builds_AndExposesSurfaces	Passed	1
coverage	NeutralDemo_KickoffWiring_IsDigestIdenticalToPriorBaselinePath	Passed	1
coverage	NeutralRecord_ProjectsToEveryPreT1Seed	Passed	1
coverage	NewLifecycle_HasNoCurrent_AndCurrentFailsLoud	Passed	1
coverage	NewStore_StartsEmptyAtDayZero	Passed	1
coverage	NewTick_ShiftsCurrentIntoPrevious	Passed	1
coverage	NoFixtureDay_AdvancesTheWorldByteIdenticallyToABareAdvanceDay	Passed	1
coverage	NoInputProducesACliff	Passed	1
coverage	NoOtherAssemblyReferencesMatchAnalytics	Passed	1
coverage	NoOtherAssemblyReferencesTheUiFramework	Passed	1
coverage	NoPossessionChange_PublishesNothing_AndInterruptsNoDecisionTree	Passed	1
coverage	NoRectangleSurvives_SoABindingNeedsNoRectangleCase	Passed	1
coverage	NoRngCursorIsWritten_TheBlockIsExactlyTheStates_FRMD007	Passed	1
coverage	NoScreenAliasesTheZeroValue	Passed	1
coverage	NoTeamInPossession_StillFallsThroughToTheVelocityBranch	Passed	1
coverage	NoiseApplied_EffectiveUtilityDiffersFromBase	Passed	1
coverage	NonAsciiAssemblyName_ThrowsAtConstruction	Passed	1
coverage	NonAsciiOctet_IsRejectedBeforeDecoding_AndCannotRouteControl	Passed	1
coverage	NonAsciiOctet_IsRejectedBeforeDecoding_AndCannotRouteIntent	Passed	1
coverage	NonBalancedTactic_IsDeterministic	Passed	1
coverage	NonClaimContact_KicksTheBall_AndDoesNotPark	Passed	1
coverage	NonFiniteAgentCoordinate_Throws	Passed	1
coverage	NonFiniteBallCoordinate_Throws	Passed	1
coverage	NonFiniteBall_HoldsTheCameraStill	Passed	1
coverage	NonFiniteCurrentTarget_RecoversToTheCentreCircle	Passed	1
coverage	NonFiniteOrigin_Throws	Passed	1
coverage	NonGet_IsRefusedBeforeAnyIntentIsParsed	Passed	1
coverage	NonIdentityDials_AreDeterministic	Passed	1
coverage	NonListedDials_StayAtBalancedIdentity_OnEveryPreset	Passed	1
coverage	NonNearestRounding_FailsPin(1)	Passed	1
coverage	NonNearestRounding_FailsPin(2)	Passed	1
coverage	NonNearestRounding_FailsPin(3)	Passed	1
coverage	NonPositiveDelta_HoldsTheCameraStill	Passed	1
coverage	NonZeroFatigue_ReachesTheSimulation	Passed	1
coverage	NotAdvancedSentinel_IsNotADay0Collision	Passed	2
coverage	NotifyActionComplete_TransitionsToIdle	Passed	1
coverage	NotifyInterrupt_TransitionsToInterrupted	Passed	1
coverage	NullAgentArray_Throws	Passed	1
coverage	NullCanon_AdvanceDay_SpawnsNothing_LeavesCursorZero	Passed	1
coverage	NullCanon_Snapshot_RoundTrips_AtFormatVersion3	Passed	1
coverage	NullCueArray_Throws	Passed	1
coverage	NullEntries_ThrowsArgumentNullException	Passed	1
coverage	NullFatigue_IsExactlyTheRestedBoot	Passed	1
coverage	NullModuleList_Throws	Passed	1
coverage	NullSetup_FailsLoud	Passed	1
coverage	NullSubstitutionArray_Throws	Passed	1
coverage	NullTaps_FailLoud	Passed	1
coverage	Null_ParsesToEmpty	Passed	1
coverage	NumbersAreOneBasedWithinEachTeam	Passed	1
coverage	NumbersAreUniqueWithinATeam	Passed	1
coverage	OCC001_NoOccluder_TargetNotOccluded	Passed	1
coverage	OCC002_CollinearOpponent_TargetIsOccluded	Passed	1
coverage	OCC003_SameDistanceAsOccluder_TargetNotOccluded	Passed	1
coverage	OCC004_MinShadowFloor_Active_At5m	Passed	1
coverage	OCC005_MinShadowFloor_NotActive_At2m	Passed	1
coverage	OCC006_Teammate_DoesNotOcclude	Passed	1
coverage	OCC007_MultipleOccluders_AnyOneSuffices	Passed	1
coverage	OCC_ZeroDistanceOccluder_NoNaNOrException	Passed	1
coverage	ObservationSurface_GuardsFailLoud	Passed	1
coverage	ObserveTick_AfterCommit_Throws	Passed	1
coverage	ObserveTick_AfterPartialTickFailure_LatchesAndRefusesEvenAConsecutiveTick	Passed	1
coverage	ObserveTick_BuffersWithoutWritingTheState_OnlyCommitWrites	Passed	1
coverage	ObserveTick_FirstCall_AcceptsAnyTick	Passed	1
coverage	ObserveTick_NullTap_Throws	Passed	1
coverage	ObserveTick_SameTickTwice_Throws	Passed	1
coverage	ObserveTick_SkippedTick_ThrowsAndNamesBothTicks	Passed	1
coverage	ObservedRun_ActuallyProjectedSomething	Passed	1
coverage	ObservingThroughTheViewModel_IsByteIdenticalToNotObserving	Passed	1
coverage	OffBallBranch_AlwaysGeneratesMove	Passed	1
coverage	OffBallBranch_LooseBallCollector_YieldsExactlyOneInterceptOption	Passed	1
coverage	OffBallBranch_NotTheCollector_GeneratesTheOrdinaryOffBallSet	Passed	1
coverage	OffBallBranch_SaveAvailable_YieldsExactlyOneSaveOption	Passed	1
coverage	OffBallBranch_SaveNotAvailable_GeneratesNoSave	Passed	1
coverage	OffDial_NoEvaluation_SnapshotUntouched	Passed	1
coverage	Offset_AtOrBelowPressureFloor_IsZero	Passed	1
coverage	Offset_CoincidentMarker_SkipsPerF3	Passed	1
coverage	Offset_ConservativeScalar_Applies	Passed	1
coverage	Offset_NonFinitePositions_AreGatedPerF1	Passed	1
coverage	Offset_OffDial_IsExactZero_Identity	Passed	1
coverage	Offset_UndefinedDialByte_RefusesPerF4	Passed	1
coverage	Offset_WorkedExample_Pressure0p42_Aggressive_Is1p05m_AwayFromMarker	Passed	1
coverage	OffsideLineStateDefault_ZeroValues	Passed	1
coverage	OffsideTrapRequested_IsIdentityPassthrough	Passed	1
coverage	Offside_ReportsAFreeKickCueForTheDefendingTeam	Passed	1
coverage	Offside_TalliesByCarriedTeam_AndMapsLocation	Passed	1
coverage	OlderTickArrivingLate_IsANoOp	Passed	1
coverage	OnAPost_IsTotal_NotUndefined	Passed	1
coverage	OnClubFixturePlayed_AFieldedPlayerWithNoBan_IsUnaffected_NoRowInvented	Passed	1
coverage	OnClubFixturePlayed_DecrementsOnlyThatClubsPlayers	Passed	1
coverage	OnClubFixturePlayed_DropsARowThatReachesZeroZero_MidSeason	Passed	1
coverage	OnClubFixturePlayed_ExemptionDoesNotBlockTheFRDC017DropForANonFieldedPlayer	Passed	1
coverage	OnClubFixturePlayed_ExemptsAFieldedBannedPlayer_ButStillServesAnUnfieldedTeammate	Passed	1
coverage	OnClubFixturePlayed_NegativeClubId_Throws	Passed	1
coverage	OnClubFixturePlayed_NeverGoesBelowZero	Passed	1
coverage	OnClubFixturePlayed_NullClubPlayerIds_Throws	Passed	1
coverage	OnClubFixturePlayed_NullFieldedPlayerIds_Throws	Passed	1
coverage	OnClubFixturePlayed_OverAPackedRoster_ServesExactlyWhatTheRetiredDerivationServed	Passed	1
coverage	OnClubFixturePlayed_ServesByRosterMembership_NotByThePackedIdDerivation	Passed	1
coverage	OnClubFixturePlayed_TwoSameClubRowsBothReachZeroZero_InOneCall_BothDropped	Passed	1
coverage	OnShotExecutedEvent_OverwritesArmingStamp	Passed	1
coverage	OnThreatArmed_FirstCallStamps_SecondCallIsNoOp	Passed	1
coverage	OnThreatDeflected_OverwritesArmingStamp_WithoutShotPending	Passed	1
coverage	OnTickBoundary_ResetsAllPhaseDrawIndices	Passed	1
coverage	OnTickBoundary_ResetsQueueCount	Passed	1
coverage	OneOnOne_SaveIntentCommitted_TransitionsToDiving	Passed	1
coverage	OneOnOne_TargetReachedWithoutSmother_TransitionsToRecovering	Passed	1
coverage	OpenTacticsSetup_OffMainMenu_Throws	Passed	1
coverage	OpponentHasBall_AwayAgent_HomePossession_True	Passed	1
coverage	OpponentHasBall_AwayAgent_OwnTeamPossession_False	Passed	1
coverage	OpponentHasBall_Contested_False	Passed	1
coverage	OpponentScreenedGoalBoundThreat_DoesNotCommitDtSave_OrBankReaction(0)	Passed	1
coverage	OpponentScreenedGoalBoundThreat_DoesNotCommitDtSave_OrBankReaction(1)	Passed	1
coverage	OptionCount_NeverExceedsMaxOptions	Passed	1
coverage	OrderedView_AppliesKeysInSpecifiedPrecedence	Passed	1
coverage	OrderedView_DoesNotMutateStoredRows	Passed	1
coverage	OrderedView_ExactThreeKeyTie_SeparatesByAscendingClubId	Passed	1
coverage	OrderedView_IsRepeatable	Passed	1
coverage	Orientation_AgentFacingAtHalfTurn_45Degrees_ReturnsTrue	Passed	1
coverage	Orientation_AgentFacingAwayFromBall_ReturnsNotHalfTurn	Passed	1
coverage	Orientation_AgentFacingBallDirectly_ReturnsNotHalfTurn	Passed	1
coverage	Orientation_AtLowerWindowBoundary_30Degrees_IsIncluded	Passed	1
coverage	Orientation_AtUpperWindowBoundary_60Degrees_IsIncluded	Passed	1
coverage	Orientation_JustOutsideUpperBoundary_61Degrees_ReturnsFalse	Passed	1
coverage	Orientation_Symmetrical_BothSidesOfBall_BothQualify	Passed	1
coverage	OutOfBounds_BallPartiallyOverLine_StillInPlay	Passed	1
coverage	OutOfBounds_BeyondTouchline_ReturnsTrue	Passed	1
coverage	OutOfBounds_HighAbovePitchInterior_ReturnsFalse	Passed	1
coverage	OutOfBounds_HighAboveTouchline_ReturnsTrue	Passed	1
coverage	OutOfBounds_InsidePitch_ReturnsFalse	Passed	1
coverage	OutOfOrderOrGappedOrdinal_FailsLoud	Passed	1
coverage	OutOfPlay_AlwaysReturnsOutOfPlay	Passed	1
coverage	OutOfRangeAffinity_FailsLoud	Passed	1
coverage	OutOfRangeFatigue_FailsLoud(-0.01f)	Passed	1
coverage	OutOfRangeFatigue_FailsLoud(1.01f)	Passed	1
coverage	OutOfRangeFatigue_FailsLoud(float.NaN)	Passed	1
coverage	OutOfRangeFatigue_FailsLoud(float.PositiveInfinity)	Passed	1
coverage	OutcomeSharesMatchTheClosedFormDistribution	Passed	1
coverage	OutgoingSpeed_MonotoneDecreasingInFatigue	Passed	1
coverage	OutgoingSpeed_MonotoneInPowerIntent	Passed	1
coverage	OutgoingSpeed_ZeroFatigue_EffectiveAttributeEqualsHeadingNorm	Passed	1
coverage	OutgoingSpeed_ZeroPowerIntent_ReturnsZero	Passed	1
coverage	OutputIsAlwaysAProbability_AcrossTheWholePitchAndBeyond	Passed	1
coverage	OverloadFocusCountBias_InvariantPinned	Passed	1
coverage	OversizedRequestLine_DropsThatConnection_ButServerKeepsServingOtherRequests	Passed	1
coverage	OwnGoalFlag_TrajectoryAwayFromOwnGoal_ReturnsFalse	Passed	1
coverage	OwnGoalFlag_TrajectoryTowardOwnGoal_ReturnsTrue	Passed	1
coverage	PE001_ElitePasser_NeutralConditions_LowError	Passed	1
coverage	PE002_WorstCaseInputs_ErrorClampedToMax	Passed	1
coverage	PE003_PressureModifier_IsMonotonicallyIncreasing	Passed	1
coverage	PE004_FatigueModifier_IsMonotonicallyIncreasing	Passed	1
coverage	PE005_PassingModifier_IsMonotonicallyDecreasing	Passed	1
coverage	PE006_BodyOrientation_45deg_ProducesIntermediateError	Passed	1
coverage	PE007_HighUrgency_IncreasesErrorVsLowUrgency	Passed	1
coverage	PE008_StrongFoot_AppliesNeutralWeakFootModifier	Passed	1
coverage	PE009_ComputeErrorAngle_IsDeterministic	Passed	1
coverage	PE010_ElitePasser_ErrorAngle_NeverZero	Passed	1
coverage	PSM005a_GetWindupFrames_AllPassTypes_Positive	Passed	1
coverage	PSM005b_UrgencyReduction_NeverExceedsBaseWindup	Passed	1
coverage	PSM005c_GetFollowThroughFrames_AllPassTypes_Positive	Passed	1
coverage	PT001_GroundProfile_IsNotDefault	Passed	1
coverage	PT002_DrivenProfile_IsNotDefault	Passed	1
coverage	PT003_AllPassTypes_YieldNonDefaultProfile	Passed	1
coverage	PT004_AllPassTypes_YieldPositiveVMax	Passed	1
coverage	PT005_ProfileLookup_IsDeterministic	Passed	1
coverage	PT006_CrossFlatVsWhipped_ProduceDifferentProfiles	Passed	1
coverage	PT007_CrossDefaultSubType_EqualsFlatProfile	Passed	1
coverage	PT008_AllProfiles_SatisfyInternalInvariants	Passed	1
coverage	PV001_Ground_MidAttributes_20m_VelocityInRange	Passed	1
coverage	PV001_PowerIntentZero_VelocityAtOrAboveAbsoluteMin	Passed	1
coverage	PV002_Driven_HighAttributes_35m_VelocityInRange	Passed	1
coverage	PV002_PowerIntentAboveUpperBound_IsOutOfRange	Passed	1
coverage	PV003_Lofted_MidAttributes_40m_VelocityInRange	Passed	1
coverage	PV003_PowerIntentBelowLowerBound_IsOutOfRange	Passed	1
coverage	PV004_Ground_MinKickPower_30m_VelocityAboveFloor	Passed	1
coverage	PV004_SpinIntentOutOfRange_IsOutOfRange	Passed	1
coverage	PV005_Chip_MaxPower_DistMax_ClampedToVMax	Passed	1
coverage	PV005_PlacementTargetUOutOfRange_IsOutOfRange	Passed	1
coverage	PV006_FullFatigue_ReducesVelocity	Passed	1
coverage	PV006_PlacementTargetVNegative_IsOutOfRange	Passed	1
coverage	PV007_InvalidContactZoneEnumValue_NotDefined	Passed	1
coverage	PV007_ZeroFatigue_AppliesNoReduction	Passed	1
coverage	PV008_ContactZoneEnum_HasExactlyThreeValues	Passed	1
coverage	PV008_FatigueModifier_IsMonotonicallyDecreasing	Passed	1
coverage	PV009_AllPassTypes_VelocityWithinProfileBounds	Passed	1
coverage	PV010_Ground_MaxPower_DistMax_ClampedToVMax	Passed	1
coverage	PV011_ComputeKickSpeed_IsDeterministic	Passed	1
coverage	PV012_NearZeroDistance_ReturnsValidVelocity	Passed	1
coverage	PX001_ExecuteWhileInProgress_RejectsWithoutStompingLastResult	Passed	1
coverage	PX002_NaNIntendedDistance_RejectedByFm07	Passed	1
coverage	PX003_InfiniteIntendedDistance_RejectedByFm07	Passed	1
coverage	PX004_StaleTackleFlag_DrainedAtInitiating_WindupNotCancelled	Passed	1
coverage	PaBoundSpendRefusal_LeavesNoResidue	Passed	1
coverage	PaBoundYoungster_CursorStaysBounded_AndDeclinesWithinOnePointOfUnbanked	Passed	1
coverage	Pair_Normalizes_AndRefusesDegenerateInput	Passed	1
coverage	ParkTheBus_MatchesA1Composition	Passed	1
coverage	ParryVelocity_HigherQuality_LowerRetain	Passed	1
coverage	ParseEmpty_AppliedConfig_IsBehaviourNeutral_DigestUnchanged	Passed	1
coverage	Parse_AgeAtBounds_Parses	Passed	1
coverage	Parse_AgentSections_RoundTripOntoFields	Passed	1
coverage	Parse_CommentsAndBlankLines_Ignored	Passed	1
coverage	Parse_DuplicateKey_Throws	Passed	2
coverage	Parse_DuplicateSection_Throws	Passed	1
coverage	Parse_EmptyOrCommentOnly_AllDefaultSquad	Passed	1
coverage	Parse_EmptyOrCommentOnly_IsIdentityForEveryAgent	Passed	1
coverage	Parse_EmptyOrCommentsOnly_IsBalancedIdentity	Passed	1
coverage	Parse_FullRecord_RoundTrips	Passed	1
coverage	Parse_FullSections_RoundTripsOntoFields	Passed	1
coverage	Parse_IndexExceedsClubSquadSize_Throws	Passed	1
coverage	Parse_KeyBeforeSection_Throws	Passed	2
coverage	Parse_MalformedSectionHeader_Throws	Passed	1
coverage	Parse_Malformed_ThrowsFormatException	Passed	1
coverage	Parse_NullText_AllDefaultSquad	Passed	1
coverage	Parse_OmittedSection_IsFullIdentity	Passed	1
coverage	Parse_OutOfRangeAge_Throws	Passed	1
coverage	Parse_OutOfRangeAttribute_Throws	Passed	1
coverage	Parse_OutOfRangeWeakFoot_Throws	Passed	1
coverage	Parse_ResultFeedsApplier_RoutesPerTeam	Passed	1
coverage	Parse_ThenApply_RoutesPerAgent	Passed	1
coverage	Parse_TimeWastingOutOfRange_Throws	Passed	1
coverage	Parse_UnknownEnumValue_Throws	Passed	1
coverage	Parse_UnknownKey_Throws	Passed	2
coverage	Parse_UnknownPosition_Throws	Passed	1
coverage	Parse_UnknownSection_Throws	Passed	2
coverage	Parse_UnparsableInt_Throws	Passed	1
coverage	PartiallyAppliedTick_LatchesAndRefusesEveryFurtherTick	Passed	1
coverage	PartnerLock_RowSharingSlotWithRotatedRow_IsSkippedWithDwellReset	Passed	1
coverage	PassAttemptEvent_FromCompletedPhysicsWindow_ReachesPressingDebounce	Passed	1
coverage	PassAttemptEvent_PublishedOnContact	NotExecuted	1
coverage	PassAttemptEvent_RoutesOnlyToOpposingPressRing	Passed	1
coverage	PassCompletedEvent_PublishedOnFollowThroughCompletion	NotExecuted	1
coverage	PassDominates_InDefensiveThird_ClearLane	Passed	1
coverage	PassExecutorState_SurvivesCanonicalSerializerRoundTrip	Passed	1
coverage	PassExecutor_CaptureRestoreCapture_IsIdentity	Passed	1
coverage	PassExecutor_InstanceFieldCount_MatchesSerializedSet	Passed	1
coverage	PassExecutor_RealExecuteThenCaptureRestore_PreservesComputedState	Passed	1
coverage	PassInFlight_CommitsInPossForThePassingTeamAndOutOfPossForTheOther(0,3,7)	Passed	1
coverage	PassInFlight_CommitsInPossForThePassingTeamAndOutOfPossForTheOther(1,14,18)	Passed	1
coverage	PassInFlight_NotReevaluated_UntilForcedRefresh	Passed	1
coverage	PassLane_AbilityConstants_MidpointIsExactlyNeutral	Passed	1
coverage	PassLane_AverageDefender_AtLaneCentre_ScoresExactlyOneThreatUnit	Passed	1
coverage	PassLane_AwayMirror_SightedPasserSeparatesDefenders	Passed	1
coverage	PassLane_ComputedAverageDefender_IsWeightNeutral	Passed	1
coverage	PassLane_LowVisionPasser_BarelySeparatesDefenders	Passed	1
coverage	PassLane_NullAttributeView_IsAbilityNeutral	Passed	1
coverage	PassLane_SightedPasser_RespectsEliteAndExploitsPoorDefender	Passed	1
coverage	PassLane_ThreatIsContinuous_AcrossTheOldCorridorEdge	Passed	1
coverage	PassNotGenerated_WhenNoVisibleTeammates	Passed	1
coverage	PassUtility_MatchesFormula_WithinTolerance	Passed	1
coverage	PeakHandZ_HigherAerial_ProducesLargerPeakZ	Passed	1
coverage	PeakHandZ_MaxFatigue_ReducesByFatiguePeakZCoeff	Passed	1
coverage	PenaltyAndGoalAreas_MatchTheIfabCatalogue_AtBothEnds	Passed	1
coverage	PenaltySpot_MatchesTheWorkedExample	Passed	1
coverage	PenaltySpots_SitAtTheIfabDistanceInsideEachGoalLine	Passed	1
coverage	Pending_RejectsEmptyArguments	Passed	1
coverage	PerActionTables_HaveExpectedDimensions	Passed	1
coverage	PerceptionState_FeedsSnapshotDigest	Passed	1
coverage	Perception_NeverWritesToSpatialHash	NotExecuted	1
coverage	PerfGate_KickoffLoop_PassesAgainstStage0Anchor	Passed	1
coverage	Performance_PerTick_10Agents_CounterAttackProfile_Under0_1ms	NotExecuted	1
coverage	Performance_PerTick_9Agents_PossessionProfile_Under0_1ms	NotExecuted	1
coverage	Performance_PerTick_AntiChaosWorstCase_Under0_1ms	NotExecuted	1
coverage	Performance_SpacingBudget_Under0_05ms	NotExecuted	1
coverage	Performance_T_DA_PERF_001_WorstCasePerTickWithinBudget	NotExecuted	1
coverage	Performance_T_DA_PERF_002_ZeroHeapAllocationsPerTick	NotExecuted	1
coverage	Performance_T_DA_PERF_003_AntiChaosWorstCaseWithinBudget	NotExecuted	1
coverage	Performance_T_P_001_PerTickWallClockWithinBudget	NotExecuted	1
coverage	Performance_T_P_002_ZeroHeapAllocationsOnHotPath	NotExecuted	1
coverage	Performance_T_P_003_CoverShadowCandidateScanWithinCostBudget	NotExecuted	1
coverage	Performance_ZeroHeapAlloc_InHotPath	NotExecuted	1
coverage	PeriodAndRestart_FlowThroughToTheView	Passed	1
coverage	Period_TracksTheTransitionsTheEngineActuallyFired	Passed	1
coverage	PeripheralArc_Boundaries_AreCorrect	Passed	1
coverage	PermutedFixtureOrderWithinARound_YieldsAnIdenticalTable	Passed	1
coverage	PhaseClassifier_InsufficientDwell_DoesNotCommit	Passed	1
coverage	PhaseClassifier_LooseBallNegativeVelocity_CommitsTransToDef	Passed	1
coverage	PhaseClassifier_OwnPossession_EventuallyCommitsInPoss	Passed	1
coverage	PhaseExit_FreezesDwell_ContinuesHold	Passed	1
coverage	PhysicsDt_BitPattern_MatchesPinnedConstant	Passed	1
coverage	Pilot_ExtremeDifferentialsAreDistinguishable	NotExecuted	1
coverage	PitchCentre_ProjectsToTheViewOrigin	Passed	1
coverage	PitchConstants_MirrorBallPhysics_NotALocalCopy	Passed	1
coverage	PitchOrigin_IsACorner_NotTheCentre	Passed	1
coverage	PlatformPinTokens_MatchDocumentedTuple	Passed	1
coverage	PlayThroughEnginesOnPitchBoundary_MakesTheSubstitutionOccupancySwapLand	Passed	1
coverage	Playback_BadAction_Or_BadSpeed_Is400	Passed	1
coverage	Playback_DoesNotEnqueueAnything	Passed	1
coverage	PlayerIdsByAgentId_FollowsASubstitution	Passed	1
coverage	PlayerIdsByAgentId_IsAllSentinelOnAMatchThatNeverConfiguredSquads	Passed	1
coverage	PlayerIdsByAgentId_IsInjectiveAtBoot_ButNotAfterOneSubstitution	Passed	1
coverage	PlayerIdsByAgentId_ReportsTheLineupTheEngineActuallyConfigured	Passed	1
coverage	PlayerInstructions_Default_IsAllIdentity	Passed	1
coverage	PlayerRole_OrdinalsAreStable	Passed	1
coverage	PlayerTacticActionMultiplier_AttackDutyRaisesOnBallActions	Passed	1
coverage	PlayerTacticActionMultiplier_Identity_IsExactlyOne	Passed	1
coverage	PlayerTacticActionMultiplier_InstructionBiasModulatesNamedTerm	Passed	1
coverage	PlayerTacticActionMultiplier_RoleRaisesNamedAction	Passed	1
coverage	PlayerTacticActionMultiplier_TempoShiftsPassVsHold	Passed	1
coverage	PlayerTacticActionMultiplier_WidenedRoleAndTempo_ClampToTableBounds	Passed	1
coverage	PlayerTactic_Default_KeepsRoleAndUsesSupportPlusDefaultInstructions	Passed	1
coverage	PlayerTactic_Default_WithDefaultRole_IsTheFullBaseline	Passed	1
coverage	PlayerTactic_FeedsSnapshotDigest	Passed	1
coverage	PlayingARound_ResolvesAgainstTheStore_NotTheBootstrap	Passed	1
coverage	PointCost_EqualsDaysPerYear_OneStepPerYear	Passed	1
coverage	PoissonInverseCdf_AtZeroUniform_ReturnsZero	Passed	1
coverage	PoissonInverseCdf_IsNonDecreasingInTheUniform	Passed	1
coverage	PoissonInverseCdf_MeanApproximatesLambda	Passed	1
coverage	PoissonInverseCdf_TerminatesAtTheCap	Passed	1
coverage	PopAtRoot_Throws_ShellNeverEmpties	Passed	1
coverage	PopOnEmptyShell_Throws	Passed	1
coverage	Populated_Unlocked_RoundTripsExactly	Passed	1
coverage	PositionBias_Defender_ExactValues	Passed	1
coverage	PositionBias_Forward_ExactValues	Passed	1
coverage	PositionBias_Goalkeeper_ExactValues	Passed	1
coverage	PositionBias_Midfielder_ExactValues	Passed	1
coverage	PositionBias_TableLength_MatchesAttributeCount	Passed	1
coverage	PositionCount_MatchesTheEnumAndTheBiasTable	Passed	1
coverage	PositionOf_ReturnsOneBasedTieBreakPosition	Passed	1
coverage	PositionOnlyOverload_KeepsDetectedPositionSemantics	Passed	1
coverage	PositioningAITick_EntityIdOrdering_IsAscending	Passed	1
coverage	PositioningAITick_InactiveAgent_ReturnsSentinelSlot	Passed	1
coverage	PositioningAITick_OutputSlots_AlwaysWithinPitchBounds	Passed	1
coverage	PositioningAITick_SameInputs_ProduceIdenticalSlots	Passed	1
coverage	PositioningAITick_StaleSnapshot_ReturnsLastTickSlots	Passed	1
coverage	PositioningAI_FeedsFormationSlots_IntoDecisionContext	Passed	1
coverage	PositioningHysteresis_FeedsSnapshotDigest	Passed	1
coverage	PositioningWiring_IsDeterministic_AcrossSameSeedRuns	Passed	1
coverage	PositionsComeFromTheInterpolatedBuffer_NotTheFrame	Passed	1
coverage	PossessedBall_DesignatesNoCollector	Passed	1
coverage	PossessedBall_FirstTouchSkipped	Passed	1
coverage	PossessingAgentIdOutOfRange_Throws	Passed	1
coverage	PossessionBranch_AlwaysGeneratesHold	Passed	1
coverage	PossessionChange_InterruptsOnlyNewHolderDecisionTree	Passed	1
coverage	PossessionChange_UpdatesTeamPossessionState	NotExecuted	1
coverage	PossessionChangedEvent_OrdinalIs0x04_TierA	Passed	1
coverage	PossessionProfile_SupportMultIs1_3	Passed	1
coverage	Possession_BeforeAnyTick_IsZeroNotNaN	Passed	1
coverage	Possession_ControlledOutcome_TriggersCorrectDribblingSignal	Passed	1
coverage	Possession_FeedsSnapshotDigest_ViaMatchContext	Passed	1
coverage	Possession_GoodQuality_NoOpponent_ReturnsControlled	Passed	1
coverage	Possession_GroundKick_TransitionsToRolling	Passed	1
coverage	Possession_HeavyTouch_HighMomentumAlignment_NoOpponent_ReturnsDeflection	Passed	1
coverage	Possession_HeavyTouch_OpponentInRange_ReturnsInterception	Passed	1
coverage	Possession_HeavyTouch_PerpendicularIntent_StillReturnsDeflection	Passed	1
coverage	Possession_HolderMinusOne_IsAttributedToNeitherTeam	Passed	1
coverage	Possession_InterceptionTakesPriorityOverDeflection	Passed	1
coverage	Possession_IsTickWeighted_AndTheThreeSharesSumTo100	Passed	1
coverage	Possession_MatchesA1Composition	Passed	1
coverage	Possession_NaNKick_RejectedWithFeedback_BallStateUnchanged	Passed	1
coverage	Possession_OpponentBeyondInterceptionRadius_DoesNotTriggerInterception	Passed	1
coverage	Possession_SetControlled_ThenKick_TransitionsCorrectly	Passed	1
coverage	Possession_TouchRadius_AboveLooseBallThreshold_NoOpponent_ReturnsLooseBall	Passed	1
coverage	PostStrike_FrontFace_AppliesRestitutionAndSpinRetention	Passed	1
coverage	PostStrike_SegmentFullyCrossingThePostInOneTick_IsDetected	Passed	1
coverage	Post_Returns405	Passed	1
coverage	Predict_BallAtPlane_IsImmediateCrossingAtCurrentY	Passed	1
coverage	Predict_BallMovingAway_ReturnsFalse	Passed	1
coverage	Predict_ClosingBall_ReturnsTimeAndCrossingY	Passed	1
coverage	Predict_CrossingBeyondHorizon_ReturnsFalse	Passed	1
coverage	Predict_LateralBall_ReturnsFalse	Passed	1
coverage	PreferredFlank_MapsEachFocusPlay	Passed	1
coverage	PresentKey_ReturnsParsedValue	Passed	1
coverage	Preset_RefusesEmptyName_AndWrongRosterLength	Passed	1
coverage	Preset_SnapshotsPlayersAtConstruction	Passed	1
coverage	PressDirective_InactiveHasNegativePresserIdAndIsActiveFalse	Passed	1
coverage	PressDirective_IsActiveWhenPresserIdIsNonNegative	Passed	1
coverage	PressNotGenerated_WhenNoVisibleOpponents	Passed	1
coverage	PressTriggerRadiusScalar_IsMonotoneIncreasing	Passed	1
coverage	PressTriggerRadiusScalar_MapsEachLineToItsCatalogueRow	Passed	1
coverage	PressTriggerRadiusScalar_Standard_IsExactlyOne	Passed	1
coverage	PressTriggerRadiusScalar_WidenedValue_ClampsToVeryHigh	Passed	1
coverage	PressUrgency_AppliesOnlyUnderOpponentPossession	Passed	1
coverage	PressUtility_HigherUnder_HighPressingInstruction	Passed	1
coverage	Press_DispatchesSprintUrgent	Passed	1
coverage	PressingState_FeedsSnapshotDigest	Passed	1
coverage	PressureQueryFromSpatialHash_ReturnsCorrectOpponents	NotExecuted	1
coverage	PressureQuery_UsesDistinct3mRadiusCall	NotExecuted	1
coverage	Pressure_DwellSaturates_AtFullTicks	Passed	1
coverage	Pressure_NegativeDwellCannotProduceNegativePressure	Passed	1
coverage	Pressure_NoMarker_OrNaNDistance_IsZero	Passed	1
coverage	Pressure_NoOpponents_ReturnsZeroScalar	Passed	1
coverage	Pressure_OpponentAtMinimumDistance_ClampsCorrectly	Passed	1
coverage	Pressure_OpponentsBeyondRadius_NotCounted	Passed	1
coverage	Pressure_OutOfPhase_IsZero_Identity	Passed	1
coverage	Pressure_SaturatesAtMaximumScalar	Passed	1
coverage	Pressure_SingleOpponentAt0Point5m_ProducesHighPressure	Passed	1
coverage	Pressure_SingleOpponentAt1Point5m_ProducesMidrangePressure	Passed	1
coverage	Pressure_SingleOpponentAtPressureRadiusEdge_ProducesNearZero	Passed	1
coverage	Pressure_TwoOpponents_StacksCorrectly	Passed	1
coverage	Pressure_WorkedExample_MarkerAt1p2m_Dwell7_Is0p42	Passed	1
coverage	PrimaryPress_ExcludesIneligibleStaminaAgents	Passed	1
coverage	PrimaryPress_NeverSelectsGoalkeeper	Passed	1
coverage	PrimaryPress_SelectsAgentWithLowerCost	Passed	1
coverage	PrimaryPress_TieBreaksByEntityIdAscending	Passed	1
coverage	PrizeMoneyForPosition_InterpolatesEndpointsAndWorkedExample	Passed	1
coverage	ProducerEnumRosters_AreFrozenUntilL3B	Passed	1
coverage	Profile_FromArchetype_ReadsTableAndGatesOrdinal	Passed	1
coverage	Profile_RefusesNonFiniteAndOutOfRange	Passed	1
coverage	ProjectAfterFramesStop_ReturnsLastKnown_NotEmpty	Passed	1
coverage	ProjectAgents_ReturnsTheCount_AndLeavesTrailingBufferSlotsAlone	Passed	1
coverage	ProjectBeforeAnyFrame_ReturnsEmpty_DoesNotThrow	Passed	1
coverage	Project_DoesNotAdvanceTheSim	Passed	1
coverage	Projection_FillsManagedTeamOnly_MissingPlayersAreIdentity	Passed	1
coverage	Projection_PlayersFillManagedBlock_WrongLengthThrows	Passed	1
coverage	Publish_MultipleEvents_QueueCountIncrementsCorrectly	Passed	1
coverage	Publish_PastQueueCapacity_ThrowsQueueOverflow	Passed	1
coverage	Publish_TierA_EmbedsTick_InPayloadBuffer	Passed	1
coverage	Publish_TierA_IncreasesQueueCount	Passed	1
coverage	Publish_TierA_SetsSlotOrdinalInPayloadBuffer	Passed	1
coverage	QueryRadius_ReturnsCorrectCandidateCount_SelfExcluded	NotExecuted	1
coverage	QueuedIntent_ReachesTheEngineOnATickBoundary	Passed	1
coverage	QuickSimAll_RoutesTheManagedFixtureThroughTheModel	Passed	1
coverage	QuickSimBucketMeans_AgreeWithTheEngineCorpusToTheAchievedTolerance	Passed	1
coverage	QuickSimBucketMeans_ReproduceTheRecordedFit	Passed	1
coverage	QuickSimPath_MakesASuspensionCostSomething	Passed	1
coverage	QuickSim_HomeAdvantage_IsTheOnlyAsymmetryAtEqualStrength	Passed	1
coverage	QuickSim_IsMonotoneInSquadStrengthAcrossTheWholeGrid	Passed	1
coverage	RampHalfWidthDays_Negative_FailsLoud	Passed	1
coverage	RampHalfWidthDays_TooWide_FailsLoud	Passed	1
coverage	RampHalfWidthDays_TooWide_OverflowCannotDefeatTheGuard	Passed	1
coverage	ReachRadius_HigherFatigue_LowerReachRadius	Passed	1
coverage	ReactionWindowAchieved_EarlyVsLateAsymmetric_DifferentPenalty	Passed	1
coverage	ReactionWindow_FrozenAtDiveLaunch_AndNotRedatedByFlightTime	Passed	1
coverage	ReactionWindow_LateCommit_ScoresLowerThanPromptCommit	Passed	1
coverage	ReactionWindow_ShotStruckAfterCommit_AnchorsAtNextTickAfterStamp	Passed	1
coverage	ReadingTheP1Surface_IsObserverNeutral	Passed	1
coverage	RecedingBall_NotTouched	Passed	1
coverage	RecordAndCheck_AfterLockExpires_DoesNotImmediatelyReLock	Passed	1
coverage	RecordAndCheck_BufferWrapsWithoutFalseLock	Passed	1
coverage	RecordAndCheck_FreshGuard_FirstTransitionNotBlocked	Passed	1
coverage	RecordAndCheck_SevenTransitionsInRollingWindow_LocksOnSeventh	Passed	1
coverage	RecordAndCheck_StaleTimestampsExpireFromWindow	Passed	1
coverage	RecordAndCheck_TimestampsOutsideWindowAreNotCounted	Passed	1
coverage	RecordAndCheck_WithinLockWindow_RemainsBlocked	Passed	1
coverage	RecordAppearances_DayRegression_RecordsNothingNew	Passed	1
coverage	RecordAppearances_UnknownIds_RecordNothingAtAll	Passed	1
coverage	RecordInteraction_ClassFlipOrMaskConflict_FailsLoud	Passed	1
coverage	RecordInteraction_FirstContact_EntersActiveSet	Passed	1
coverage	RecordInteraction_Repeat_AppendsEpisode_NoDuplicateMember	Passed	1
coverage	RecordInteraction_StampsCurrentWorldTick	Passed	1
coverage	RecordOrFinalize_WithoutSession_Throws	Passed	1
coverage	RecordTickSample_CorruptValue_Throws	Passed	1
coverage	Record_CapturesKickoffAndStrideFrames	Passed	1
coverage	Record_DeterministicAcrossRuns	Passed	1
coverage	Record_FinalTickCapturedWhenStrideDoesNotDivide	Passed	1
coverage	Record_GuardsFailLoud	Passed	1
coverage	Record_IsObserverNeutral_DigestMatchesUnobservedRun	Passed	1
coverage	Record_PositionsFiniteAndOnPitch	Passed	1
coverage	RecordingTheSameDayTwice_IsIdempotent	Passed	1
coverage	RecoveringToZero_CannotAlsoReinjure_InOneCall_TTMDORD001	Passed	1
coverage	Recovering_CooldownElapsed_TransitionsToSet	Passed	1
coverage	RecoveryCountdown_RunsTheTierToZeroThenHeals_TTMDREC001	Passed	1
coverage	RecoveryDays_RiseWithSeverity_AndFitUnderTheCeiling	Passed	1
coverage	RecoveryRate_IsPositive_OrEveryInjuryIsPermanent	Passed	1
coverage	RecoverySpeed_ScalesAssignedDays_NotThePerTickDecrement_TTMDMOD002	Passed	1
coverage	ReflectionDirection_DegenerateIncoming_ReturnsFallback	Passed	1
coverage	ReflectionDirection_ReturnsUnitVector	Passed	1
coverage	RefusedFatigueArray_LeavesTheEngineUnconfigured	Passed	1
coverage	RefusedRoll_LeavesFinanceEntriesUnchanged	Passed	1
coverage	RegenFields_AreTheDerivedBudget	Passed	1
coverage	RegenPaBalanceValues_AreCoherent	Passed	1
coverage	Registration_RoundTripsSourceAndDispatcher	Passed	1
coverage	RegistrationsSurviveIntoTheFlowByIdentity	Passed	1
coverage	ReleaseBallControl_FromElevatedControlledBall_TransitionsToAirborneWithoutTeleporting	Passed	1
coverage	ReleaseBallControl_FromPlacedStationaryBall_IsNoOp	Passed	1
coverage	ReleasePoint_Kick_MatchesConstantHeight	Passed	1
coverage	ReleasePoint_Roll_MatchesConstantHeight	Passed	1
coverage	ReleasePoint_Throw_MatchesConstantHeight	Passed	1
coverage	ReplaceBeforeAnyPush_Throws	Passed	1
coverage	Replace_SwapsTopWithoutChangingDepth	Passed	1
coverage	ReplayCursor_AtEndOfSnapshot_IsAtEndOfSnapshotReturnsTrue	Passed	1
coverage	ReplayCursor_NotAtEndOfSnapshot_IsAtEndOfSnapshotReturnsFalse	Passed	1
coverage	ReplayDeterminism_IdenticalMatchStateProducesIdenticalResults	NotExecuted	1
coverage	ReplayDeterminism_IdenticalPassesProduceIdenticalResults	NotExecuted	1
coverage	ReplayEngine_PrepareReplay_WellFormedSnapshot_ReturnsZero	Passed	1
coverage	Replay_HonestRecord_PassesTheRederivedDigestCheck	Passed	1
coverage	Replay_RefusesDegenerateMetadata	Passed	1
coverage	Replay_RefusesIncoherentFrames	Passed	1
coverage	Replay_SnapshotsFramesAtConstruction	Passed	1
coverage	Replay_TamperedPayload_IsRefusedByTheRederivedDigest	Passed	1
coverage	Report_IsServedBeforeAnyTick_AndIsHealthy	Passed	1
coverage	RequestedDwell_InvariantPinned	Passed	1
coverage	RequireAtLeast_PassesAValueOnTheBoundaryAndAbove	Passed	1
coverage	RequireAtLeast_RefusesBelowTheMinimum_AndAnythingNonFinite	Passed	1
coverage	RequireBanLength_Negative_Throws	Passed	1
coverage	RequireBanLength_NonNegative_ReturnsItUnchanged	Passed	1
coverage	RequireCommittableConfigDriver_RunsBeforeAnyFixtureIsResolved	Passed	1
coverage	RequireFarRayMeetsGround_RefusesAPairingThatPutsTheHorizonInShot	Passed	1
coverage	RequireFinite_TakesAnySign_ButRefusesNaNAndInfinity	Passed	1
coverage	RequireGreaterThan_RefusesEquality_NotJustBelow	Passed	1
coverage	RequireInRange_RefusesEitherSide_AndNaN	Passed	1
coverage	RequireMarkingBandFitsBelowShadowLayer_RefusesABandThatDoesNotClearTheShadowLayerComfortably_M16	Passed	1
coverage	RequireMarkingBandFitsBelowShadowLayer_RefusesAZeroOrNegativeStep_M19	Passed	1
coverage	RequireStreamerAcceptsSpeed_AdmitsTheCapsOwnBoundaries	Passed	1
coverage	RequireStreamerAcceptsSpeed_RefusesWhatTheStreamerWouldRefuse	Passed	1
coverage	RequireTiltOrOffsetNonzero_RefusesOnlyBothZero_L8	Passed	1
coverage	RequireYellowThreshold_AtLeastOne_ReturnsItUnchanged	Passed	1
coverage	RequireYellowThreshold_BelowOne_Throws	Passed	1
coverage	RequiredReactionMs_BallSpeedAboveReference_IncreasesMonotonically	Passed	1
coverage	RequiredReactionMs_HigherReflexes_LowerRequiredTime	Passed	1
coverage	RequiredReactionMs_OneOnOneState_ReducesRequiredTime	Passed	1
coverage	RequiredReactionMs_SameInputsMultipleCalls_IdentialResults	Passed	1
coverage	ResetForTests_ClearsLockAndBinding	Passed	1
coverage	Reset_RevertsToHoldWidthWithZeroedCounters	Passed	1
coverage	ResidualIsKept_NotReset_WhenACrossingLandsAboveTheThreshold	Passed	1
coverage	ResolveArc_ReleasesPins_AndRemoves	Passed	1
coverage	ResolveByClubId_UnknownClub_ReturnsNull	Passed	1
coverage	ResolveIsTotalOverADenseSweepOfEveryInput	Passed	1
coverage	Resolve_AllThreeTypes_AwardTheTeamThatDidNotTouchLast	Passed	1
coverage	Resolve_CarriesFixtureIdentityOntoTheResult	Passed	1
coverage	Resolve_Corner_PicksNearestCorner_InsetByBallRadius	Passed	1
coverage	Resolve_GoalKick_CentresSixYardBoxOnExitedGoalLine	Passed	1
coverage	Resolve_HomeAdvantage_ShowsAsAsymmetryBetweenEvenlyMatchedVenues	Passed	1
coverage	Resolve_IsIndependentOfCallOrder	Passed	1
coverage	Resolve_NonFiniteRating_FailsLoud	Passed	1
coverage	Resolve_SameInputs_IsDeterministic	Passed	1
coverage	Resolve_StrongerHomeSide_OutscoresOverASpreadOfFixtures	Passed	1
coverage	Resolve_ThrowIn_ClampsXAndSnapsYToNearerTouchline	Passed	1
coverage	Response_EqualMassHeadOn_VelocitiesReverse	Passed	1
coverage	Response_HeavyHitsLight_HeavyBarelySlows	Passed	1
coverage	Response_ParallelVelocity_NoImpulse	Passed	1
coverage	Response_SameTeam_ReducedMomentum	Passed	1
coverage	Response_Separation_ResolvesPenetration	Passed	1
coverage	RestDefenseInsufficient_DampensPassShootDribble_ButNotHold	Passed	1
coverage	RestDefenseInsufficient_ObliviousCarrier_TakesNoDampening	Passed	1
coverage	RestIsTheLightestLoad_AndFitnessOutConditionsBalanced	Passed	1
coverage	RestartBanner_RefusesTheNoneCueAndAnUnknownTeam	Passed	1
coverage	RestartCue_IsClearedByTheNextTick	Passed	1
coverage	RestartLatch_HoldsTheRestartAfterTheTickItHappenedOn	Passed	1
coverage	RestartTakerAward_DoesNotConvertPlacedBallToControlled	Passed	1
coverage	RestartType_OrdinalsAreStable	Passed	1
coverage	Restart_SkipsSentOffAgents_WhenSelectingTheTaker	Passed	1
coverage	Restarts_SplitByKind_AndKickoffIsCountedNowhere	Passed	1
coverage	Resting_BallEntersAttackingThird_TransitionsToSet	Passed	1
coverage	Resting_BallNotInAttackingThird_StaysResting	Passed	1
coverage	RestoreBinding_RefusesNonPermutationAndGkRebind	Passed	1
coverage	RestoreFromSnapshot_DistinctSquadMismatchedRoster_FailsLoud	Passed	1
coverage	RestoreFromSnapshot_DistinctSquadNoProvider_FailsLoud	Passed	1
coverage	RestoreFromSnapshot_DistinctSquadUnknownClubId_FailsLoud	Passed	1
coverage	RestoreFromSnapshot_TrailingByteMismatch_FailsLoud	Passed	1
coverage	RestoreFromSnapshot_WrongSchemaVersion_FailsLoud	Passed	1
coverage	RestoreFrom_NullBlob_Throws	Passed	1
coverage	RestoreFrom_ResumesAtTheSavedTick_WithAFreshCommandLog	Passed	1
coverage	RestoreLastComposedTarget_RefusesNonFinite_LoadsVerbatim	Passed	1
coverage	RestorePairState_RefusesIncoherentState	Passed	1
coverage	Restore_AcceptsTheLiveBuildHash	Passed	1
coverage	Restore_BadMembershipFlag_Throws	Passed	1
coverage	Restore_CarriesTheDisciplineTallyIntoTheResumedLoop	Passed	1
coverage	Restore_CorruptStoreLength_Throws	Passed	1
coverage	Restore_EmptyLegacyFinanceBlock_UpgradesExactlyOnceToPersistedSeasonClubUniverse	Passed	1
coverage	Restore_NonEmptyFinancesMissingCurrentSeasonClub_FailsAtComposition	Passed	1
coverage	Restore_Null_Throws	Passed	1
coverage	Restore_RefusesAForeignBuildHash	Passed	1
coverage	Restore_RejectsPreE2FormatVersion	Passed	1
coverage	Restore_TrailingBytes_Throws	Passed	1
coverage	Restore_WrongDomainTag_Throws	Passed	1
coverage	Restore_WrongVersion_Throws	Passed	1
coverage	RestoredCareer_WithTheDialArmed_StillInjures	Passed	1
coverage	RestoredStore_KeepsAdvancing	Passed	1
coverage	Restored_BehavesIdenticallyToOriginal_OnNextTransition	Passed	1
coverage	Result_RefusesMisAttributedStatlines	Passed	1
coverage	ResumeThatDropsTheTally_AndSavesBack_IsRefused	Passed	1
coverage	ResumeThroughRestore_AndSaveBack_KeepsEveryOutstandingSuspension	Passed	1
coverage	RetirementAgeDays_AtZeroZeroDials_ReproducesTheBaselineExactly_ForGoalkeeperAndOutfielder	Passed	1
coverage	RetirementAgeDays_ComputedDayAtOrBeforeBirth_FailsLoud	Passed	1
coverage	RetirementAgeDays_IsMonotonicWithinABand_AsTheAttributesItReadsAreMonotone	Passed	1
coverage	RetirementAgeDays_IsPerPlayer_ContinuousAndPopulationNeutral	Passed	1
coverage	RetirementAgeDays_NegativeGoalkeeperBonus_FailsLoud	Passed	1
coverage	RetirementAgeDays_NegativeReadingSpan_FailsLoud	Passed	1
coverage	RetirementDials_AreNonNegative	Passed	1
coverage	ReturnToMainMenu_OffPostMatchReport_Throws	Passed	1
coverage	Revert_BlockedByHold_ThenCommitsAfterMirroredDwell	Passed	1
coverage	RisingCrossing_UnderTheBarAtThePlane_IsAGoal_AwayEnd	Passed	1
coverage	RisingCrossing_UnderTheBarAtThePlane_IsAGoal_HomeEnd	Passed	1
coverage	RiskAssembly_RisesWithTrainingAndLoad_AndFallsWithRobustness	Passed	1
coverage	RiskScale_MirrorsTrainingSystem_RatherThanDuplicatingIt	Passed	1
coverage	RiskScore_ClampsAtBothEnds	Passed	1
coverage	RngService_BranchCursorParity	Passed	1
coverage	RngService_DoubleReserve_ReturnsBudgetMismatch	Passed	1
coverage	RngService_Skip_DuringOpenReservation_ReturnsBudgetMismatch	Passed	1
coverage	RngService_Skip_PreservesActionOrdinalParity_WithReserveBranch	Passed	1
coverage	RobustnessMitigation_IsMonotoneAndClampedAtBothEnds	Passed	1
coverage	RobustnessMitigation_ReproducesTheWorkedExampleExactly	Passed	1
coverage	RoleHysteresis_ForceAllHoldShapeResetsState	Passed	1
coverage	RoleHysteresis_HoldsLastRoleDuringDwellPeriod	Passed	1
coverage	RoleHysteresis_TransitionsAtNthConsecutiveTick	Passed	1
coverage	RoleId_EnumValues_MatchPullFactorTableIndexing	Passed	1
coverage	RoleWeightModifiers_AllCellsWithinHalfToTwo	Passed	1
coverage	RoleWeightModifiers_DefaultRow_IsExactIdentity	Passed	1
coverage	RoleWeightModifiers_WithinBoundsAndShaped	Passed	1
coverage	RollToNextSeason_ARowThatBecomesZeroZero_IsDropped	Passed	1
coverage	RollToNextSeason_AppliesTheBoardVerdictToJobSecurity	Passed	1
coverage	RollToNextSeason_FromTheSamePriorState_IsDeterministic	Passed	1
coverage	RollToNextSeason_IsRestartableAcrossASave	Passed	1
coverage	RollToNextSeason_KeepsTheObjectiveAndTheClubSet	Passed	1
coverage	RollToNextSeason_MidSeason_FailsLoud	Passed	1
coverage	RollToNextSeason_ReconcilesRosterMembership	Passed	1
coverage	RollToNextSeason_ResetsTheSeasonAndAdvancesItsNumber	Passed	1
coverage	RollToNextSeason_SettlesFromFinalTableWithConcretePositionEconomics_AndPreservesClubSet	Passed	1
coverage	RollToNextSeason_ThenAdvance_ReachesTheNewOpeningDay	Passed	1
coverage	RollToNextSeason_TwoRowsBothBecomeZeroZero_InOneCall_BothDropped	Passed	1
coverage	RollToNextSeason_UnservedBanCarries_YellowsResetButRowSurvives	Passed	1
coverage	RollToNextSeason_WithAnUnresolvableClub_LeavesTheSeasonUntouched	Passed	1
coverage	RollToNextSeason_WorldPastTheNewOpeningDay_FailsLoudAndChangesNothing	Passed	1
coverage	RolledSeason_IsPlayable_AndTwoCareersAgreeOnBothTables	Passed	1
coverage	RolledSeason_SurvivesASaveAndKeepsPlaying	Passed	1
coverage	RollingDistance_DryGrass_StopsWithinExpectedRange	Passed	1
coverage	RollingSpinDecay_DecreasesPerSecond	Passed	1
coverage	Rolling_AboveEnterThreshold_BelowMinVelocity_StillTransitionsToAirborne	Passed	1
coverage	Rolling_AboveEnterThreshold_TransitionsToAirborne	Passed	1
coverage	Rolling_BelowMinVelocity_TransitionsToStationary	Passed	1
coverage	Root_ServesTheSelfContainedPage	Passed	1
coverage	RosterAccessors_MirrorEngine_AndGuardFailLoud	Passed	1
coverage	RosterAndTeamGuards_RefuseOutOfRange	Passed	1
coverage	RosterReference_FeedsSnapshotDigest	Passed	1
coverage	RosterReference_SentinelBeforeConfigure_ClubIdAfterConfigure	Passed	1
coverage	RotateFacingToward_LargeAngle_ClampedToMaxTurnDeg	Passed	1
coverage	RotateFacingToward_ZeroTarget_LeavesCurrentFacingUnchanged	Passed	1
coverage	RotationFreedom_OrdinalsAreStable	Passed	1
coverage	RoundCount_MatchesGeneratedSpan(20)	Passed	1
coverage	RoundCount_MatchesGeneratedSpan(4)	Passed	1
coverage	RoundCount_MatchesGeneratedSpan(5)	Passed	1
coverage	RoundCount_Overflow_ThrowsInsteadOfWrappingNegative	Passed	1
coverage	RoundTrip_BookingCursorBeforeSnapshot_IsDeterministic	Passed	1
coverage	RoundTrip_ClubWithNoPlayers_Survives	Passed	1
coverage	RoundTrip_CompletedSeason_IsFieldIdentical	Passed	1
coverage	RoundTrip_DistinctSquadWithSubstitution_IsDeterministic	Passed	1
coverage	RoundTrip_DistinctSquad_IsDeterministic	Passed	1
coverage	RoundTrip_DistinctSquad_PostRestoreGkSubstitution_IsDeterministic	Passed	1
coverage	RoundTrip_DistinctSquad_PostRestoreSubstitution_IsDeterministic	Passed	1
coverage	RoundTrip_EmptySet_IsAWellFormedBlock	Passed	3
coverage	RoundTrip_EmptyState_IsWellFormedAndComesBackEmpty	Passed	1
coverage	RoundTrip_EveryDefinedFocusOrdinalSurvives	Passed	1
coverage	RoundTrip_EveryDefinedSeverityTierSurvives	Passed	1
coverage	RoundTrip_EveryFieldSurvives_FRMD018	Passed	1
coverage	RoundTrip_EveryFieldSurvives_FRPG018	Passed	1
coverage	RoundTrip_EveryFieldSurvives_FRTR019	Passed	1
coverage	RoundTrip_FreshSeason_IsFieldIdentical	Passed	1
coverage	RoundTrip_GkHeadingEnabled_IsDeterministic	Passed	1
coverage	RoundTrip_GkHeadingEnabled_WithCommittedSave_IsDeterministic	Passed	1
coverage	RoundTrip_KeeperSubstitutedOntoOutfieldSlot_IsDeterministic	Passed	1
coverage	RoundTrip_LatestPressPassEvent_IsDeterministic	Passed	1
coverage	RoundTrip_MidMatchTacticsChanged_IsDeterministic	Passed	1
coverage	RoundTrip_MidSeason_IsFieldIdentical	Passed	1
coverage	RoundTrip_NeutralKickoff_IsDeterministic	Passed	1
coverage	RoundTrip_PopulatedMultiEntryMultiCompetitionState_IsFieldIdentical	Passed	1
coverage	RoundTrip_PreservesEveryFinanceField	Passed	1
coverage	RoundTrip_PreservesEveryTableColumn	Passed	1
coverage	RoundTrip_PreservesScalarsAndBoard	Passed	1
coverage	RoundTrip_RestoresEveryRetainedFieldAndReconstructsPins	Passed	1
coverage	RoundTrip_TakenWhileAPassIsInFlight_IsDeterministic	Passed	1
coverage	RunDecisionPoint_HoldThenStep_B2Cadence	Passed	1
coverage	RunDecisionPoint_PatienceMultipliesHold	Passed	1
coverage	RunParameters_ConstructorRoundTrip	Passed	1
coverage	RunParameters_HasExactlyThreePublicProperties	Passed	1
coverage	RunParameters_HasExpectedPropertyNames	Passed	1
coverage	Run_AllPredicatesPass_ReturnsPassedWithContractFields	Passed	1
coverage	Run_BodyRecordsNoPredicates_FailsAsImplicitPass	Passed	1
coverage	Run_BodyThrows_FailsWithExceptionAndStackDiagnostics	Passed	1
coverage	Run_CrossSpecPathWithSingleOwningSpec_ThrowsArgumentException	Passed	1
coverage	Run_EmptyManifestPath_ThrowsArgumentException	Passed	1
coverage	Run_FailingPredicate_FailsWithPredicateIdInDiagnostics	Passed	1
coverage	Run_FailureDetailContainingNewline_IsFlattenedInDiagnostics	Passed	1
coverage	Run_InvokedTwice_EachInvocationGetsAFreshEnvelope	Passed	1
coverage	Run_ManifestPathMissingFromIndex_ThrowsArgumentException	Passed	1
coverage	Run_ManifestPathNotEndingInScenarioName_ThrowsArgumentException	Passed	1
coverage	Run_NaNValueAgainstInRangePredicate_Fails	Passed	1
coverage	Run_NonEmptyFixtureRefs_ThrowsArgumentException	Passed	1
coverage	Run_NonKebabCaseName_ThrowsArgumentException	Passed	1
coverage	Run_SeedIsPlumbedVerbatimIntoContextAndDiagnostics	Passed	1
coverage	Run_UnsupportedFormatVersion_ThrowsArgumentException	Passed	1
coverage	RungsAscend_SoFasterAlwaysMeansAHigherIndex	Passed	1
coverage	RunningAtTheManConnectsMoreOftenThanRunningAcrossHim	Passed	1
coverage	RunningAwayIsNoWorseThanRunningAcross_TheClampNotANegative	Passed	1
coverage	RuntimeLedgerSurface_RoutesTransactionAndBudgetQueryThroughOwnedClubEntry	Passed	1
coverage	RushArmed_BallBeyondThisKeepersCommitDistance_DoesNotArm(0)	Passed	1
coverage	RushArmed_BallBeyondThisKeepersCommitDistance_DoesNotArm(1)	Passed	1
coverage	RushArmed_CarrierWithADefenderGivingChase_StillArms(0)	Passed	1
coverage	RushArmed_CarrierWithADefenderGivingChase_StillArms(1)	Passed	1
coverage	RushArmed_ClearanceOutrunningTheKeeper_DoesNotArm(0)	Passed	1
coverage	RushArmed_ClearanceOutrunningTheKeeper_DoesNotArm(1)	Passed	1
coverage	RushArmed_HighBall_DoesNotArm(0)	Passed	1
coverage	RushArmed_HighBall_DoesNotArm(1)	Passed	1
coverage	RushArmed_LooseBallInFrontOfGoalWithNoCover_Arms(0)	Passed	1
coverage	RushArmed_LooseBallInFrontOfGoalWithNoCover_Arms(1)	Passed	1
coverage	RushArmed_MovingLooseBall_LocksTheMeetingPointNotTheBall(0)	Passed	1
coverage	RushArmed_MovingLooseBall_LocksTheMeetingPointNotTheBall(1)	Passed	1
coverage	RushArmed_OwnTeamHasTheBall_DoesNotArm(0)	Passed	1
coverage	RushArmed_OwnTeamHasTheBall_DoesNotArm(1)	Passed	1
coverage	RushArmed_RunLongerThanTheTimeBudget_DoesNotArm(0)	Passed	1
coverage	RushArmed_RunLongerThanTheTimeBudget_DoesNotArm(1)	Passed	1
coverage	RushArmed_SameBall_ArmsForABoldKeeperAndNotATimidOne(0)	Passed	1
coverage	RushArmed_SameBall_ArmsForABoldKeeperAndNotATimidOne(1)	Passed	1
coverage	RushArmed_TeammateGoalSideOfTheBall_DoesNotArm(0)	Passed	1
coverage	RushArmed_TeammateGoalSideOfTheBall_DoesNotArm(1)	Passed	1
coverage	RushArmed_UnopposedCarrier_Arms(0)	Passed	1
coverage	RushArmed_UnopposedCarrier_Arms(1)	Passed	1
coverage	RushCommitDistance_FallsWithFatigue	Passed	1
coverage	RushCommitDistance_IsClampedBothWays	Passed	1
coverage	RushCommitDistance_RisesWithComposure	Passed	1
coverage	RushCommitDistance_RisesWithOneVsOne	Passed	1
coverage	RushLaunchMps_HigherPace_ProducesHigherSpeed	Passed	1
coverage	RushLaunchMps_MaxFatigue_ReducesSpeed	Passed	1
coverage	RushReachingLockedTarget_EndsTheRush(0)	Passed	1
coverage	RushReachingLockedTarget_EndsTheRush(1)	Passed	1
coverage	Rushing_AttackerWithinTriggerRadius_TransitionsToOneOnOne	Passed	1
coverage	Rushing_HandBallContact_TransitionsToSmothered	Passed	1
coverage	Rushing_HandContact_PhysicsTransitionsToSmothered	Passed	1
coverage	Rushing_TargetReachedAndIntercepted_ResolvesAsInterceptionAbort	Passed	1
coverage	Rushing_TargetReachedWithAttackerInRadius_TransitionsToOneOnOne	Passed	1
coverage	Rushing_TargetReachedWithContact_ResolvesAsSmothered	Passed	1
coverage	Rushing_TargetReachedWithoutContact_TransitionsToRecovering	Passed	1
coverage	SC002_Window_ClosesAfterDurationTicks	Passed	1
coverage	SC003_Anticipation1_IntervalIs30Ticks	Passed	1
coverage	SC004_Anticipation20_IntervalIs6Ticks	Passed	1
coverage	SC005_Possession_DoublesCheckInterval	Passed	1
coverage	SC008_CheckFire_PopulatesAnimDataAndOpensWindow	Passed	1
coverage	SE001_EliteConditions_LowErrorAngle	Passed	1
coverage	SE002_WorstCase_ErrorClampedAtMax	Passed	1
coverage	SE003_FullPowerHigherError_ThanMediumPower	Passed	1
coverage	SE004_PowerPenalty_MonotonicallyIncreasing	Passed	1
coverage	SE005_PressureScalar_MonotonicallyIncreasesError	Passed	1
coverage	SE006_FatigueScalar_MonotonicallyIncreasesError	Passed	1
coverage	SE007_FinishingModifier_MonotonicallyDecreasesError	Passed	1
coverage	SE008_PoorBodyMechanics_IncreasesError	Passed	1
coverage	SE009_ErrorDirection_IsDeterministic	Passed	1
coverage	SE010_EliteConditions_ErrorAngleNeverZero	Passed	1
coverage	SN001_CentreSpinIntentZero_TopspinDominant	Passed	1
coverage	SN002_BelowCentre_ProducesBackspin	Passed	1
coverage	SN003_OffCentre_ProducesNonZeroSidespin	Passed	1
coverage	SN004_HigherTechnique_IncreasesSpinMagnitude	Passed	1
coverage	SN005_SpinIntentZero_ProducesNonZeroSpin	Passed	1
coverage	SN006_MaxSpinInputs_MagnitudeWithinMagnusBound	Passed	1
coverage	SN007_MaxSpinIntent_GreaterThanHalfSpinAndBothBounded	Passed	1
coverage	SN008_SpinCalculation_IsDeterministic	Passed	1
coverage	SNAP006_PerceivedAgent_ConfidenceScore_Is1AtStage0	Passed	1
coverage	SNAP010_EffectiveFovAngle_ReflectsPostPressureValue	Passed	1
coverage	SV001_CloseRange_FinishingDominates	Passed	1
coverage	SV001_Ground_ProducesTopspin_PositiveY	Passed	1
coverage	SV002_Chip_ProducesBackspin_NegativeY	Passed	1
coverage	SV002_LongRange_LongShotsDominates	Passed	1
coverage	SV003_CrossFlat_ProducesSidespin_NonZeroZ	Passed	1
coverage	SV003_MaxPowerEliteAttributes_VelocityInExpectedRange	Passed	1
coverage	SV004_HigherTechnique_IncreasesMagnitude	Passed	1
coverage	SV004_MinPowerMinAttributes_VelocityAtOrAboveAbsoluteMin	Passed	1
coverage	SV005_BelowCentreContact_ReducesVelocityVsCentre	Passed	1
coverage	SV005_Cross_SpinMagnitude_WithinProfileMax	Passed	1
coverage	SV006_Chip_SpinMagnitude_WithinProfileMax	Passed	1
coverage	SV006_OffCentreContact_ReducesVelocityVsCentre	Passed	1
coverage	SV007_ComputeSpinVector_IsDeterministic	Passed	1
coverage	SV007_HighSpinIntent_ReducesVelocity	Passed	1
coverage	SV008_AllPassTypes_NonZeroTechnique_ProducesNonZeroSpin	Passed	1
coverage	SV008_SpinIntentZero_NoSpinVelocityReduction	Passed	1
coverage	SV009_FullFatigue_ReducesVelocity	Passed	1
coverage	SV010_FatigueModifier_MonotonicallyDecreasing	Passed	1
coverage	SV011_EliteInputs_VelocityClampedAtAbsoluteMax	Passed	1
coverage	SV012_VelocityCalculation_IsDeterministic	Passed	1
coverage	SameKeyInDifferentSections_BothKept	Passed	1
coverage	SamePlayer_DifferentCompetitions_TalliesAreIndependent_BothSurvive	Passed	1
coverage	SameRecordSequence_FoldedTwiceIntoFreshStates_YieldsIdenticalEncodedBytes	Passed	1
coverage	SameTeamCollision_ReducedMomentumNoFall	NotExecuted	1
coverage	SameTickAgain_IsANoOp	Passed	1
coverage	SatisfiesCursorInvariant_CompletedSeason_IsVacuouslyTrue	Passed	1
coverage	SatisfiesCursorInvariant_HoldsAtOrAheadOfWorldDay_FailsBehind	Passed	1
coverage	SaveAndRestoreCarryTheTackleLatches(1089357896855742840UL)	Passed	1
coverage	SaveAndRestoreCarryTheTackleLatches(3517370462UL)	Passed	1
coverage	SaveArmed_BallMovingAwayFromGoal_DoesNotArm	Passed	1
coverage	SaveArmed_LooseBallDrivingAtDefendedGoal_Team0_Arms	Passed	1
coverage	SaveArmed_LooseBallDrivingAtDefendedGoal_Team1_Arms	Passed	1
coverage	SaveArmed_OutOfRange_DoesNotArm	Passed	1
coverage	SaveArmed_PossessedBall_DoesNotArm	Passed	1
coverage	SaveArmed_TooSlow_DoesNotArm	Passed	1
coverage	SaveAtAnyDay_IsByteIdenticalToTheUninterruptedRun	Passed	1
coverage	SaveDecision_SurvivesAdversarialTactic	Passed	1
coverage	SaveEpisode_ReArmsAfterBallResolves_CommitsAgain	Passed	1
coverage	SaveLoad_CommitWithoutBuildHash_Throws	Passed	1
coverage	SaveLoad_ConsecutiveSaves_SecondOverwriteDoesNotCorruptFirstDigest	Passed	1
coverage	SaveLoad_CorruptRecordTrailer_IsRefused	Passed	1
coverage	SaveLoad_DiskLoadedHeader_PassesTheReplayEnvironmentCheck	Passed	1
coverage	SaveLoad_Encode_CommitAtomic_Load_ValidateHeader_DigestMatches	Passed	1
coverage	SaveLoad_ForeignBytes_AreRefusedAsSchemaIncompatible	Passed	1
coverage	SaveLoad_ForeignFingerprintOnDisk_FailsTheReplayEnvironmentCheck	Passed	1
coverage	SaveLoad_MidTickSnapshot_SaveAndLoad	NotExecuted	1
coverage	SaveLoad_MissingFile_IsAStorageFailure	Passed	1
coverage	SaveLoad_NullFingerprint_RoundTripsToNull	Passed	1
coverage	SaveLoad_PaddedRecord_IsRefused	Passed	1
coverage	SaveLoad_TrainingAndMedicalState_ResumeFieldIdenticalThroughOneFile	Passed	1
coverage	SaveLoad_TransposedTrainingAndMedicalBlocks_FailLoud	Passed	1
coverage	SaveLoad_ValidateHeader_RejectsTamperedDigest	Passed	1
coverage	SaveLoad_WithNoTrainingOrMedicalState_YieldsEmptySetsNotNulls	Passed	1
coverage	SaveResolution_ClearsDetectionStamp	Passed	1
coverage	SaveRestore_ANegativeBirthWorldDayBeyondInt32Range_SurvivesTheCodec	Passed	1
coverage	SaveRestore_AcrossADrawBoundary_ContinuesIdentically_TTMDDET001	Passed	1
coverage	SaveRestore_AcrossMidWeek_ContinuesIdentically_TTRDET001	Passed	1
coverage	SaveRestore_ContinuesIdentically	Passed	1
coverage	SaveRestore_RoundTripsEveryField	Passed	1
coverage	SaveThenLoad_RestoresTheEvolvedRoster_NotTheBootstrap	Passed	1
coverage	SaveThenResume_OfACareerWithNoProgression_RoundTripsThroughTheLoadedContents	Passed	1
coverage	SaveThroughAnUnwiredLoop_WritesWellFormedEmptyBlocks	Passed	1
coverage	SaveThroughTheLoop_RoundTripsTheCareer	Passed	1
coverage	SaveTrigger_CommitsGoalkeeperProjection	Passed	1
coverage	Save_AnEmptyCareerTriple_OverAPopulatedCareer_IsRefused	Passed	1
coverage	Save_AnEmptyCareerTriple_OverAnAlreadyEmptyCareer_Succeeds	Passed	1
coverage	Save_AnEmptyCareerTriple_ToANewPath_Succeeds	Passed	1
coverage	Save_AnEmptyProgressionSet_BesideEmptyCareerSets_IsAccepted	Passed	1
coverage	Save_AnEmptyProgressionStore_OverAPopulatedRoster_IsRefused	Passed	1
coverage	Save_AnEmptyProgressionStore_OverAnAlreadyEmptyFile_Succeeds	Passed	1
coverage	Save_AnEmptyProgressionStore_ToANewPath_Succeeds	Passed	1
coverage	Save_AnUnwiredDiscipline_OverAPopulatedTally_IsRefused	Passed	1
coverage	Save_AnUnwiredDiscipline_OverAnAlreadyEmptyOne_Succeeds	Passed	1
coverage	Save_AnUnwiredDiscipline_ToANewPath_Succeeds	Passed	1
coverage	Save_CarryingNoFinances_CannotEmptyAPopulatedFinanceBlock	Passed	1
coverage	Save_CarryingNoFinances_MayCreateAndMayOverwriteAFinancelessFile	Passed	1
coverage	Save_CoherenceGate_RefusesEachDisagreementShape_AndAcceptsPermutedClubOrder	Passed	1
coverage	Save_CrossClubDuplicatePlayerId_FailsLoud	Passed	1
coverage	Save_CursorLaggingTheClockByTwoOrMore_FailsLoud	Passed	1
coverage	Save_DefaultCareerBlock_IsRefusedByName_NotByNullReference	Passed	1
coverage	Save_DuplicateClubId_IsRefusedByName	Passed	1
coverage	Save_FutureDatedBirthWorldDay_FailsLoud	Passed	1
coverage	Save_FutureDatedCareerCursor_FailsLoud	Passed	1
coverage	Save_FutureDatedProgressionCursor_FailsLoud	Passed	1
coverage	Save_IncoherentCareerBlockTriple_FailsLoud	Passed	1
coverage	Save_Load_AFinancelessSeason_RoundTripsAsAZeroClubBlock	Passed	1
coverage	Save_Load_RoundTripsTheFinanceBlockThroughTheFile	Passed	1
coverage	Save_NonEmptyFinancesContainingForeignClub_FailsLoud	Passed	1
coverage	Save_NonEmptyFinancesMissingCurrentSeasonClub_FailsLoud	Passed	1
coverage	Save_NullEngine_Throws	Passed	1
coverage	Save_NullFinances_Throws	Passed	1
coverage	Save_NullProgression_Throws	Passed	1
coverage	Save_NullSeason_Throws	Passed	1
coverage	Save_NullTrainingOrMedicalClubs_Throws	Passed	1
coverage	Save_NullWorld_Throws	Passed	1
coverage	Save_OverwritesExistingFile_Atomically	Passed	2
coverage	Save_ProgressionCursorLaggingTheClockByOne_IsAccepted	Passed	1
coverage	Save_ProgressionCursorLaggingTheClockByTwoOrMore_FailsLoud	Passed	1
coverage	Save_ProgressionSetDisagreeingWithTheCareerSets_IsRefused	Passed	1
coverage	Save_ProgressionSetWithADifferentPlayer_IsRefused	Passed	1
coverage	Save_ScoredUnderNonIdentityTactic_DoesNotThrow_AndYieldsFiniteBase	Passed	1
coverage	Save_ThePublicLongForm_DrivingNoDiscipline_CannotEmptyAPopulatedTally	Passed	1
coverage	SavedWorldSeed_RebuildsTheSameDay0League	Passed	1
coverage	SavingIsOfferedInEveryState_IncludingFullTime	Passed	1
coverage	ScalarIdentityRows_AreExactlyOne	Passed	1
coverage	ScalarTable_OffRowIsExactlyZero	Passed	1
coverage	ScaleAndClampBudget_Int32ExtremeBase_DoesNotOverflowBeforeClamp	Passed	1
coverage	ScaleIsOnePerMetre	Passed	1
coverage	ScenarioResult_RejectsUnknownStatus	Passed	1
coverage	SchemaVersion_IsPinned	Passed	1
coverage	ScoreState_FeedsSnapshotDigest	Passed	1
coverage	ScreenId_HasValueEquality	Passed	1
coverage	ScreenedGoalBoundThreat_StillVetoesRush(0)	Passed	1
coverage	ScreenedGoalBoundThreat_StillVetoesRush(1)	Passed	1
coverage	ScriptedPass_InitiatesThroughExecutorAdapters_AndAdvances	Passed	1
coverage	ScriptedPass_ReachesContact_ReleasesPossession_AndKicksBall	Passed	1
coverage	ScriptedShot_InitiatesThroughExecutorAdapters_AndAdvances	Passed	1
coverage	SeasonState_InstanceFieldCount_MatchesFieldsEqualSet	Passed	1
coverage	SecondSeason_DiffersFromTheFirst_SoACareerDoesNotRepeatItself	Passed	1
coverage	SectionedKeys_RoundTrip	Passed	1
coverage	SeedFor_IsKeyedSoASliceIsReproducibleInIsolation	Passed	1
coverage	SeedFrom_ACrossClubDuplicatePlayerId_IsRefused	Passed	1
coverage	SeedFrom_ADuplicateClubId_IsRefused	Passed	1
coverage	SeedFrom_ANullSquadElement_IsRefused	Passed	1
coverage	SeedFrom_APlayerAtIntMaxValue_IsRefused	Passed	1
coverage	SeedFrom_AtAnAgeInsideTheGrowthRamp_CreditsTheContinuousStep	Passed	1
coverage	SeedFrom_AtTheSentinelWorldDay_IsRefused	Passed	1
coverage	SeedFrom_AtWorldDayZero_ThenAdvanceDay_PreservesEachPlayersBootstrapAge	Passed	1
coverage	SeedFrom_NullSquadsArray_IsRefused	Passed	1
coverage	SeedFrom_OneDayBelowTheSentinelWorldDay_Succeeds	Passed	1
coverage	SeedFrom_OutOfRangeValues_AreRefusedAtConstruction_NotOnlyAtSave	Passed	1
coverage	SegmentStartingInsideTheFrameRadius_IsANoOp	Passed	1
coverage	SelectAvailable_BackfillsTheLeastInjuredRatherThanRefusingToFieldATeam	Passed	1
coverage	SelectAvailable_ChangesWhatTheQuickSimWouldRate	Passed	1
coverage	SelectAvailable_DropsTheInjured	Passed	1
coverage	SelectAvailable_WhenTheRosterItselfCannotFieldATeam_FailsLoud	Passed	1
coverage	SelectAvailable_WithNobodyInjured_ReturnsTheSameInstance	Passed	1
coverage	Select_CoherentSquad_ReproducesRosterOrder	Passed	1
coverage	Select_FillsBenchWithBestRemaining	Passed	1
coverage	Select_FlagsBenchGoalkeeper	Passed	1
coverage	Select_IsDeterministic	Passed	1
coverage	Select_MapsEachStarterSlotToRequiredPosition_AllFamilies	Passed	1
coverage	Select_PicksHighestRatedForLineFirstSlot	Passed	1
coverage	Select_ThrowsWhenGoalkeeperMissing	Passed	1
coverage	Select_ThrowsWhenLineTooShort	Passed	1
coverage	Select_TieBreaksByAscendingPlayerId	Passed	1
coverage	SentOffAgent_CannotReceive_BallStaysLoose	Passed	1
coverage	SentOffAgent_DeceleratesToRest_UnderTheForcedStopCommand	Passed	1
coverage	SentOffAgent_IsReportedByThePublicAccessor	Passed	1
coverage	SentOffAgent_StopsAccruingHeatmapSamples	Passed	1
coverage	SeparatingOverlap_DoesNotReportDeflection_AndLeavesFlightUnchanged	Passed	1
coverage	SerializeLedger_EmptyQueue_WritesDomainTag_And_ZeroCount	Passed	1
coverage	SerializeLedger_OneTierAEvent_WritesCountOne	Passed	1
coverage	SerializeLedger_TierCEventNotCounted_InSerialOutput	Passed	1
coverage	SerializeLedger_TwoTierAEvents_WritesCountTwo	Passed	1
coverage	Serialize_BoolFalse_IsZero	Passed	1
coverage	Serialize_BoolTrue_IsOne	Passed	1
coverage	Serialize_IsBitwiseDeterministic_AndStableAcrossARoundTrip	Passed	1
coverage	Serialize_NegativeZeroFloat_NormalizesToPositiveZero	Passed	1
coverage	Serialize_NullStores_FailLoud	Passed	1
coverage	Serialize_RefusesNonFiniteInputValue	Passed	1
coverage	Serialize_U32_LittleEndian	Passed	1
coverage	Serialize_U64_LittleEndian	Passed	1
coverage	Serialize_U64_RoundTrip	Passed	1
coverage	ServesFrameAndReportAsJson	Passed	1
coverage	ServesThePage_WithAWellFormedFramedResponse	Passed	1
coverage	ServiceOnce_DoesNotAdvanceTheAnalyticsClock	Passed	1
coverage	ServiceOnce_DrainsQueuedCommand_ThroughRealEngine_AndLogsAtTickZero	Passed	1
coverage	ServiceOnce_EmptyQueue_IsNoOp	Passed	1
coverage	Service_AfterMatchEnded_DropsAll_NotAppliedNotLogged	Passed	1
coverage	Service_AppliesFifo_AndStampsBatchTick	Passed	1
coverage	Service_CommandRefusedByEngine_IsIsolated_BatchContinues_NoEscape	Passed	1
coverage	Service_EmptyQueue_IsNoOp	Passed	1
coverage	Service_SeparateBatches_StampedAtTheirOwnTicks	Passed	1
coverage	SetBallControlled_ZeroesMotion_AndRefreshesRecoveryCheckpoint	Passed	1
coverage	SetFocus_RefusesUnknownPlayer_AndFailsLoudOnUndefinedFocus_TTRFAIL003	Passed	1
coverage	SetMatchSeed_AcceptedWithoutException	Passed	1
coverage	SetPieceDutyFlags_BitPositionsAreStable	Passed	1
coverage	SetPlayerTacticIntent_RoutesToSetPlayerTacticSeam_AndNothingElse	Passed	1
coverage	SetPlayerTactic_InvalidAgent_Throws	Passed	1
coverage	SetPlayerTactic_RoutesPerAgent	Passed	1
coverage	SetPlayerTactic_TakesEffectOnlyAtStride	Passed	1
coverage	SetSpeedMultiplier_RejectsNonFiniteAndOutOfRange	Passed	1
coverage	SetTeamTacticIntent_RoutesToSetTeamTacticSeam_AndNothingElse	Passed	1
coverage	SetTeamTactic_InvalidTeam_Throws	Passed	1
coverage	SetTeamTactic_RoutesDismarkBuildUpRotationDials_PerTeam	Passed	1
coverage	SetTeamTactic_RoutesFocusPlay_PerTeam	Passed	1
coverage	SetTeamTactic_RoutesLineOfEngagement_PerTeam	Passed	1
coverage	SetTeamTactic_RoutesMarkingOrientation_PerTeam	Passed	1
coverage	SetTeamTactic_RoutesOffsideTrap_PerTeam	Passed	1
coverage	SetTeamTactic_RoutesPerTeam_Translated	Passed	1
coverage	SetTeamTactic_RoutesWidth_PerTeam	Passed	1
coverage	SetTeamTactic_TakesEffectOnlyAtStride	Passed	1
coverage	Set_BallLeavesAttackingThird_TransitionsToResting	Passed	1
coverage	Set_HighAnticipationScore_TransitionsToAnticipate	Passed	1
coverage	Set_RushIntentAboveCommitThreshold_TransitionsToRushing	Passed	1
coverage	Set_ShotEventDetected_TransitionsToAnticipate	Passed	1
coverage	SettleFinances_ExtremePositiveBoardModifier_ClampsBothBudgetsToCeiling	Passed	1
coverage	SettleFinances_IsPureForIdenticalInputs	Passed	1
coverage	SettleFinances_MatchesApprovedWorkedExample	Passed	1
coverage	SettleFinances_NegativeBoardModifier_FailsLoud	Passed	1
coverage	SettleFinances_ResetsSeasonRevenue_AndCarriesFfpWindow	Passed	1
coverage	SeverityBoundaries_LandInTheHigherTier_TTMDSEV002	Passed	1
coverage	SeverityPermilleSplit_IsWellFormed	Passed	1
coverage	SeverityTierTable_CoversEveryDefinedOrdinal	Passed	1
coverage	ShapeAnalyzer_LaneDeadZone_WithinHysteresis_PreservesCurrentLane	Passed	1
coverage	ShapeMismatchesAreRefused	Passed	1
coverage	SharedPin_SurvivesFirstArcResolve_ReleasesOnLast	Passed	1
coverage	ShiftedToNextSeason_OpensExactlyOneBreakAfterTheOldFinale	Passed	1
coverage	ShiftedToNextSeason_OverflowingTheDayRange_FailsLoud	Passed	1
coverage	ShiftedToNextSeason_PreservesANonUniformSchedule	Passed	1
coverage	ShiftedToNextSeason_SingleRoundCalendar_StillMovesForward	Passed	1
coverage	ShippedTackleReachIsActiveAndCannotOutreachLooseBallReclaim	Passed	1
coverage	ShootDistanceConstants_ShapeGuards	Passed	1
coverage	ShootDistance_DecaysMonotonicallyBeyondSweetRange	Passed	1
coverage	ShootDistance_HalfQuality_OneFalloffBeyondSweetRange	Passed	1
coverage	ShootDistance_InsideSweetRange_IsDistanceIndifferent	Passed	1
coverage	ShootDominates_InAttackingThird_OpenGoal	Passed	1
coverage	ShootMidfield_FullRangeRamp_EndpointsExact_AndStrictlyMonotone	Passed	1
coverage	ShootMidfield_NoCliffAcrossOldThreshold	Passed	1
coverage	ShootMidfield_RampMidpoint_IsExactMeanOfZoneEndpoints	Passed	1
coverage	ShootMidfield_RampRunsInShiftedForm	Passed	1
coverage	ShootNotGenerated_WhenOutOfRange	Passed	1
coverage	ShootRisk_ScalesWithBlockedGoal_NotFinishing	Passed	1
coverage	Shoot_PowerIntent_BetterFinisherStrikesHarder	Passed	1
coverage	Shoot_PowerIntent_NeverBelowTheFloor	Passed	1
coverage	Shoot_PowerIntent_OpenGoalEliteFinisher_ReachesFullPower	Passed	1
coverage	ShootingAtTheWrongGoal_IsWorthNearlyNothing	Passed	1
coverage	ShotAnimationData_PopulatedOnCompletion_NotPublished	NotExecuted	1
coverage	ShotExecutorState_SurvivesCanonicalSerializerRoundTrip	Passed	1
coverage	ShotExecutor_CaptureRestoreCapture_IsIdentity	Passed	1
coverage	ShotExecutor_InstanceFieldCount_MatchesSerializedSet	Passed	1
coverage	ShotExecutor_RealExecuteThenCaptureRestore_PreservesComputedState	Passed	1
coverage	ShotLane_AbilityConstants_MidpointIsExactlyNeutral	Passed	1
coverage	ShotLane_AverageBlocker_OccludesExactlyTheGeometricArc	Passed	1
coverage	ShotLane_AwayMirror_SightedShooterSeparatesBlockers	Passed	1
coverage	ShotLane_BlockerBehindTheGoalLine_DoesNotOcclude	Passed	1
coverage	ShotLane_BlockerBeyondThePost_OccludesExactlyTheOverlap	Passed	1
coverage	ShotLane_ComputedAverageBlocker_IsOcclusionNeutral	Passed	1
coverage	ShotLane_FarPostBlocker_OccludesTheGoal	Passed	1
coverage	ShotLane_GoalkeeperOcclusion_IsAttributeIndependent	Passed	1
coverage	ShotLane_GoalkeeperRead_IsContinuousAcrossItsBoundary	Passed	1
coverage	ShotLane_Goalkeeper_OccludesWithABodyNotAReach	Passed	1
coverage	ShotLane_LowVisionShooter_BarelySeparatesBlockers	Passed	1
coverage	ShotLane_NearBlocker_FadesInWithLaneDepth	Passed	1
coverage	ShotLane_NullAttributeView_IsAbilityNeutral	Passed	1
coverage	ShotLane_OcclusionIsContinuous_AcrossThePostDirection	Passed	1
coverage	ShotLane_OffCentreShooter_MeasuresTheArcAboutItsOwnBisector	Passed	1
coverage	ShotLane_SightedShooter_RespectsEliteAndExploitsPoorBlocker	Passed	1
coverage	ShotOutcomeDiagnostic_ReportsDistribution	NotExecuted	1
coverage	Shot_EndsThePreviousPass_EvenWhenTheBallStillFliesTowardTheReceiver	Passed	1
coverage	ShouldPlayThroughEngine_CoversEveryModeAndBothFixtureKinds	Passed	1
coverage	ShouldPlayThroughEngine_UndefinedMode_FailsLoud	Passed	1
coverage	ShouldStumble_LowStress_ReturnsFalse	Passed	1
coverage	ShouldStumble_MaxStressMinAttrs_ReturnsTrue	Passed	1
coverage	ShouldStumble_ModerateStress_EliteAttrsResistButMinAttrsStumble	Passed	1
coverage	ShouldStumble_SameInputs_ProducesSameOutput	Passed	1
coverage	ShouldStumble_ZeroTurnAngle_FloorBoundedBehaviour	Passed	1
coverage	ShowPostMatchReport_OffMatchView_Throws	Passed	1
coverage	SidelineTrap_DoesNotFireWhenBallIsFarFromTouchlines	Passed	1
coverage	SidelineTrap_DoesNotFireWhenCarrierFacesAwayFromTouchline	Passed	1
coverage	SidelineTrap_FiresWhenNearTouchlineAndFacingTouchline	Passed	1
coverage	SingleOption_IsAlwaysSelected	Passed	1
coverage	SipHash24_All64ReferenceVectors_ByteExact	Passed	1
coverage	SipHash24_ProjectDrawPreimage_Pinned	Passed	1
coverage	SipHash24_ReferenceVectors_ByteExact	Passed	1
coverage	SixYardTap_AndLongRangeShot_MatchTheWorkedExamples	Passed	1
coverage	SlotConstructor_FailsLoudOnMalformedFacts	Passed	1
coverage	SlotOrder_MedicalReadsTheSameDaysTrainingState	Passed	1
coverage	SlowBall_IsLeftToTheControlModel	Passed	1
coverage	Smoothing_ConvergesOnTheDesiredTarget	Passed	1
coverage	Smoothing_IsFrameRateIndependent	Passed	1
coverage	Smoothing_MovesTowardTheBall_ButNotAllTheWayInOneFrame	Passed	1
coverage	SnapshotCodec_DigestChainBreak_ReturnsError	Passed	1
coverage	SnapshotCodec_Encode_DigestChain_DependsOnPrevDigest	Passed	1
coverage	SnapshotCodec_Encode_ProducesSpecChainedDigest	Passed	1
coverage	SnapshotHandsOutACopy_NotTheLadderItself	Passed	1
coverage	SnapshotHeaderInitialize_RefusesAnEmptyBuildHash	Passed	1
coverage	SnapshotRestore_EmptyStore_RoundTrips	Passed	1
coverage	SnapshotRestore_IsFieldIdentical	Passed	1
coverage	SnapshotRestore_RoundTripsTheSeasonSubBlob	Passed	1
coverage	SnapshotStack_IsACopy_CallerCannotMutateTheShell	Passed	1
coverage	Snapshot_IsCanonical_RegardlessOfSeedOrder	Passed	1
coverage	Snapshot_IsDeterministicAcrossTwoIdenticalStores	Passed	1
coverage	SnapshotsPresetsAtConstruction	Passed	1
coverage	SpacingResolver_DetectsViolation_WhenAgentsTooClose	Passed	1
coverage	SpacingResolver_EqualCosts_HigherEntityIdDisplaced	Passed	1
coverage	SpacingResolver_HigherEntityId_Displaced	Passed	1
coverage	SpacingResolver_MultipleViolations_AllResolved	Passed	1
coverage	SpacingResolver_PreservesDistance_WhenAlreadySpaced	Passed	1
coverage	SpacingResolver_ViolatingPair_MeetsMinSeparationAfterEnforce	Passed	1
coverage	SpacingResolver_WorkedExample_AgentADisplaced	Passed	1
coverage	SpatialHash_EntityStraddlesCellBoundary_InsertedInMultipleCells	Passed	1
coverage	SpatialHash_Insert22Agents_AllInserted	Passed	1
coverage	SpatialHash_InsertAtBoundary_NoIndexOutOfBounds	Passed	1
coverage	SpatialHash_InsertAtGridCenter_QueryReturnsSelf	Passed	1
coverage	SpatialHash_TwoAgentsClose_QueryReturnsBoth	Passed	1
coverage	SpatialHash_TwoAgentsFar_QueryReturnsOnlySelf	Passed	1
coverage	SpawnArc_DanglingEpisode_FailsLoud_AndRollsBackPriorPins	Passed	1
coverage	SpawnArc_PinsSourceEpisodes_AndCapturesProvenance	Passed	1
coverage	SpawnArc_Validations_FailLoud	Passed	1
coverage	SpillVelocity_RetainGreaterThanParryRetain	Passed	1
coverage	SpinDecay_FasterAtHigherVelocity	Passed	1
coverage	SpinDecay_SpinDecreases	Passed	1
coverage	SpinDecay_ZeroBelowThreshold	Passed	1
coverage	SpinDecay_ZeroSpin_ReturnsZero	Passed	1
coverage	SpinTransfer_AtReversalThreshold_IncomingContributionIsZero	Passed	1
coverage	SpinTransfer_BeyondReversalThreshold_SignIsReversed	Passed	1
coverage	SpinTransfer_Monotonicity_LinearInAxialOffset	Passed	1
coverage	SpinTransfer_ZeroIncomingSpin_OnlyHeadContribution	Passed	1
coverage	SprintingHitsStationary_StationaryKnockedBack	NotExecuted	1
coverage	SquadFor_ReflectsBankedGrowth_NotTheSeededRoster	Passed	1
coverage	SquadFor_UnknownClub_ReturnsNull	Passed	1
coverage	Stage0Default_ResolvesToIdentityProduct	Passed	1
coverage	Stage0Default_ResolvesToIdentityRisk	Passed	1
coverage	Stage0Presets_CarryNoPerAgentTactics	Passed	1
coverage	Stamina_AgentAtCeilingIsExcluded	Passed	1
coverage	Stamina_AgentJustBelowCeilingIsEligible	Passed	1
coverage	Stamina_FatigueClampedAtOne	Passed	1
coverage	Stamina_FullyFatiguedAgentIsExcluded	Passed	1
coverage	Stamina_FullyRestedAgentIsEligible	Passed	1
coverage	Stamina_HoldShapeIncursNoCost	Passed	1
coverage	Stamina_PrimaryAccumulatesCorrectlyOver100Ticks	Passed	1
coverage	Standard_IsExactlyOne_BothWidths	Passed	1
coverage	StartMatch_OffTacticsSetup_Throws	Passed	1
coverage	Start_BindsEphemeralPort	Passed	1
coverage	Start_TwiceIsNoOp_AndAfterStopThrows	Passed	1
coverage	StatPoint_RefusesUnknownTeamAndNonFiniteCoordinates	Passed	1
coverage	StateMachine_RushCommitAboveThreshold_EntersRushing	Passed	1
coverage	StateMachine_RushCommitAtThreshold_StaysSet	Passed	1
coverage	StateSequence_ChipPass_NoBounceDeadlock	Passed	1
coverage	StateSequence_KickToGround_ValidTransitions	Passed	1
coverage	Stationary_AboveEnterThreshold_TransitionsToAirborne	Passed	1
coverage	Stationary_OnGround_ReturnsStationary	Passed	1
coverage	StepFasterWalksUpAndThenHoldsAtTheTop	Passed	1
coverage	StepSlowerWalksDownAndThenHoldsAtTheBottom	Passed	1
coverage	StepToward_OneRungAndSaturates	Passed	1
coverage	StopIsIdempotent_AndStartAfterStopRebinds	Passed	1
coverage	Stop_BeforeStart_IsNoOp	Passed	1
coverage	Stop_IsIdempotent	Passed	1
coverage	Stop_ThenFreshConnectionIsRefused	Passed	1
coverage	StrengthDelta_RampEndpointsAndMidpoint	Passed	1
coverage	StubCanon_RisingEdge_SpawnsArc_WithProvenanceAndPin_AndDoesNotRefire	Passed	1
coverage	StubCanon_TwoRuns_ProduceIdenticalArcProvenance	Passed	1
coverage	Subscribe_TierA_AfterBootPhase_ThrowsRegistrationPhaseError	Passed	1
coverage	Subscribe_TierC_DuringMatch_DoesNotThrow	Passed	1
coverage	SubscriptionToken_IsReadonlyStruct	Passed	1
coverage	SubscriptionToken_IsValueType	Passed	1
coverage	SubstituteIntent_RoutesToSubstituteSeam_WithItsPayloadIntact	Passed	1
coverage	SubstitutePlayer_AfterFullTime_Throws	Passed	1
coverage	SubstitutePlayer_AlreadySubstitutedSlot_Throws	Passed	1
coverage	SubstitutePlayer_AppliesBenchIdentity_AndBookkeeping	Passed	1
coverage	SubstitutePlayer_CalledImmediatelyAfterConstruction_DoesNotThrow	Passed	1
coverage	SubstitutePlayer_CapReached_Throws	Passed	1
coverage	SubstitutePlayer_CopiesCanonicalBenchRecord_AndReprojects	Passed	1
coverage	SubstitutePlayer_InvalidBenchIndex_Throws	Passed	1
coverage	SubstitutePlayer_InvalidTeamId_Throws	Passed	1
coverage	SubstitutePlayer_ResetsYellowCards_SubstituteStartsUnbooked	Passed	1
coverage	SubstitutePlayer_ReusedBenchIndex_Throws	Passed	1
coverage	SubstitutePlayer_SentOffSlot_Throws	Passed	1
coverage	SubstitutePlayer_SlotNotBelongingToTeam_Throws	Passed	1
coverage	SubstitutePlayer_ThenRunTick_QueuedEventFlushesWithoutThrowing	Passed	1
coverage	SubstitutionAndCard_InTheSameTick_AttributesToIncoming	Passed	1
coverage	SubstitutionState_FeedsSnapshotDigest	Passed	1
coverage	Substitution_ClearsTheVacatedIncomingSlot_ALaterCardThereThrowsF1	Passed	1
coverage	Substitution_IsReportedByBenchSlotAndTeamCount	Passed	1
coverage	Substitution_MissingSlots_Is400	Passed	1
coverage	Substitution_OutgoingEqualsIncoming_Throws	Passed	1
coverage	Substitution_Queues_WithItsSlots	Passed	1
coverage	Substitution_TalliesByCarriedTeam	Passed	1
coverage	Substitution_WithABenchOutgoing_Throws	Passed	1
coverage	Substitution_WithAnOccupiedOnPitchIncoming_ThrowsInsteadOfDestroyingTheOutgoingsMapping	Passed	1
coverage	Substitution_WithUnmappedIncoming_Throws	Passed	1
coverage	Substitution_WithUnmappedOutgoing_Throws	Passed	1
coverage	SubtendedAngle_MatchesTheWorkedGeometry	Passed	1
coverage	Suppression_ArmsOnlyForCounterTransitionPlans	Passed	1
coverage	Suppression_DecrementsToZero_AndStays	Passed	1
coverage	SurfaceType_OrdinalsAreStable	Passed	1
coverage	SyncToRoster_BumpsTheRosterGeneration_EvenWithNoChurn	Passed	1
coverage	SyncToRoster_InsertsAFreshStateForANewPlayer	Passed	1
coverage	SyncToRoster_OnAnUnchangedRoster_IsANoOp	Passed	1
coverage	SyncToRoster_RemovesADepartedPlayerAndKeepsTheRest	Passed	1
coverage	SyncToRoster_WithAnUnresolvableClub_LeavesTheCareerWhollyUnsynced	Passed	1
coverage	TAnDet001_SameMatchYieldsByteIdenticalStatistics	Passed	1
coverage	TAnNeu001_ObservingAMatchDoesNotPerturbItsDigest	Passed	1
coverage	TLWDET002_EdgeIterationIsCanonicalKeyOrder_NotInsertionOrder	Passed	1
coverage	TLWDET006_WorldTickAdvancesOnlyViaTheWorldLoop	Passed	1
coverage	TLWDET007_EmptyWorldTickIsAdditiveIdentity	Passed	1
coverage	TLWI011_DemotionRetainsTopNBySalience	Passed	1
coverage	TLWI012_RehydrationRoundTrip_RetainedFieldsEqual	Passed	1
coverage	TLWI013_RehydratedEdgeResumesEpisodeIdFromHighWaterMark	Passed	1
coverage	TLWI014_DoubleDemotionAndDuplicatePromotionFailLoud	Passed	1
coverage	TLWU001_RelationshipLayerOrdinals	Passed	1
coverage	TLWU002_ArcKindOrdinals	Passed	1
coverage	TLWU003_EventKindNoneIsZero	Passed	1
coverage	TLWU004_InteractionIntentNoneIsZero	Passed	1
coverage	TLWU005_ApplyEvent_WorkedExample_ReproducesPoint56	Passed	1
coverage	TLWU006_ApplyEvent_NegativeDelta_MovesTowardZero	Passed	1
coverage	TLWU007_ApplyEvent_NeverOvershootsBounds	Passed	1
coverage	TLWU008_ApplyEvent_ZeroDelta_IsNoOp	Passed	1
coverage	TLWU009_ApplyDecay_GeometricRelaxation_30Days	Passed	1
coverage	TLWU010_ApplyDecay_AtBaseline_IsNoOp	Passed	1
coverage	TLWU011_EpisodeIdIsMonotonicPerEdge	Passed	1
coverage	TLWU012_FullBufferEvictsLowestSalienceUnpinned	Passed	1
coverage	TLWU013_EvictionTieBreaksOldestTickThenLowestId	Passed	1
coverage	TLWU014_PinnedEpisodeIsSkippedByEviction	Passed	1
coverage	TLWU015_AllPinnedGrowsTransiently_ShrinksOnUnpin	Passed	1
coverage	TLWU016_SalienceDecayMatchesGeometricRule	Passed	1
coverage	TLWU017_PinningDanglingEpisodeFailsLoud	Passed	1
coverage	TLWU018_ApplyEventRefusesPlayerEdgeAndInactiveLayer	Passed	1
coverage	TR001_PlayerTargeted_AimPointEqualsReceiverPosition	Passed	1
coverage	TR005_ThroughBall_MovingReceiver_ProducesPositiveLead	Passed	1
coverage	TR007_ThroughBall_StationaryReceiver_ZeroLead	Passed	1
coverage	TR009_SpaceTargeted_AimPointEqualsTargetPosition	Passed	1
coverage	TR014_SpaceTarget_OnPitchBoundary_NotClamped	Passed	1
coverage	TR016_TargetResolution_IsDeterministic	Passed	1
coverage	TR_KickDirection_IsNormalisedAndCorrect	Passed	1
coverage	TR_OutOfBoundsAimPoint_ClampedToPitch	Passed	1
coverage	T_DA_001_GkExcludedFromPool	Passed	1
coverage	T_DA_002_PrimaryPressExcluded	Passed	1
coverage	T_DA_003_CoverShadowExcluded	Passed	1
coverage	T_DA_004_AllZonalTeamFullPool	Passed	1
coverage	T_DA_005_EmptyPoolNoAllocation	Passed	1
coverage	T_DA_006_PoolIterationEntityIdAscending	Passed	1
coverage	T_DA_011_NoCandidatesProducesZonal	Passed	1
coverage	T_DA_012_TieBreakEntityIdAscending	Passed	1
coverage	T_DA_013_ThreatScoreWorkedExample	Passed	1
coverage	T_DA_014_ThreatScoreClampedAtMaximum	Passed	1
coverage	T_DA_015_ThreatScoreZeroAtMinAttribute	Passed	1
coverage	T_DA_016_InterceptRunnerDirectionCheck	Passed	1
coverage	T_DA_017_InterceptRunnerBelowThresholdNotQualified	Passed	1
coverage	T_DA_019_OverriddenAgentSkipped	Passed	1
coverage	T_DA_020_DisplacementCostFormula	Passed	1
coverage	T_DA_021_CommitWithCoverage	Passed	1
coverage	T_DA_022_JockeyLowCoverageGoodAngle	Passed	1
coverage	T_DA_023_HoldLowCoverageBadAngle	Passed	1
coverage	T_DA_024_BeyondRadiusNoRequest	Passed	1
coverage	T_DA_025_ZonalAgentNoTackleRequest	Passed	1
coverage	T_DA_026_CoverageDepthCorridor	Passed	1
coverage	T_DA_027_TrapFiresAfterDwellTicks	Passed	1
coverage	T_DA_028_TrapBlockedDuringCooldown	Passed	1
coverage	T_DA_029_BallTooFastResetsDwellCounter	Passed	1
coverage	T_DA_030_IncoherentLineBlocksTrap	Passed	1
coverage	T_DA_031_PrimaryPressBlocksTrap	Passed	1
coverage	T_DA_032_RequestedTrapArmsAfterReducedDwell	Passed	1
coverage	T_DA_033_MaxDepthCeilingEnforced	Passed	1
coverage	T_DA_034_StepDepthMaxWithShapeLineDepth	Passed	1
coverage	T_DA_035_LastManMinDistToOwnGoal	Passed	1
coverage	T_DA_036_LastManEntityIdTieBreak	Passed	1
coverage	T_DA_037_GkNotSelectedAsLastMan	Passed	1
coverage	T_DA_038_EmergencyFlagAndInterceptRunner	Passed	1
coverage	T_DA_039_PredicateNoFireBallNotAhead	Passed	1
coverage	T_DA_041_CoverGkZoneIssuedWhenGkOutOfZone	Passed	1
coverage	T_DA_042_CoverGkZoneNotIssuedWhenGkInZone	Passed	1
coverage	T_DA_044_MinCostCoverAgentSelected	Passed	1
coverage	T_DA_045_MaxManMarkDemotesLowestThreat	Passed	1
coverage	T_DA_047_OverDisplacedAssignmentDemoted	Passed	1
coverage	T_DA_048_NoViolationNoDemotion	Passed	1
coverage	T_DA_051_DwellLockHoldsAssignment	Passed	1
coverage	T_DA_052_OscillatingCandidateNoTransition	Passed	1
coverage	T_DA_053_NewCandidateResetsAccumulator	Passed	1
coverage	T_DA_054_ZonalNotSubjectToPreCheck	Passed	1
coverage	T_DA_H1_HysteresisKeyedByEntityNotPoolSlot	Passed	1
coverage	T_DA_H1b_PhaseSwingResetsHysteresis	Passed	1
coverage	T_DA_H2_MaxManMarkDemotesAllExcessNotJustOne	Passed	1
coverage	T_DA_H2b_AllOverDisplacedDemoted	Passed	1
coverage	T_DA_H3_ZonalGapResetsDwell	Passed	1
coverage	T_DA_M2_EmptyDefenseLineDoesNotArmTrap	Passed	1
coverage	T_GK_C_001_NoSaveTypeSymbol	NotExecuted	1
coverage	T_GK_C_002_ConstantTagVerification	NotExecuted	1
coverage	T_GK_C_003_RngRoutingDiscipline	NotExecuted	1
coverage	T_GK_C_004_PositioningAiConstantPromotion	NotExecuted	1
coverage	T_GK_C_005_NoSystemRandom	NotExecuted	1
coverage	T_GK_C_006_CrossReferenceResolution	NotExecuted	1
coverage	T_GK_C_007_CrossClaimDuelIterationOrder	NotExecuted	1
coverage	T_GK_I_001_OpenPlaySave	NotExecuted	1
coverage	T_GK_I_002_FreeKickSave	NotExecuted	1
coverage	T_GK_I_003_PenaltySave	NotExecuted	1
coverage	T_GK_I_004_CornerCrossClaimHandPath	NotExecuted	1
coverage	T_GK_I_005_CornerCrossClaimHeadPath	NotExecuted	1
coverage	T_GK_I_006_OneVsOneConfrontation	NotExecuted	1
coverage	T_GK_I_007_MistimedDiveNoBallChange	NotExecuted	1
coverage	T_GK_I_008_RushAbortOnInterception	NotExecuted	1
coverage	T_GK_I_009_SaveAndDistributionCycle	NotExecuted	1
coverage	T_GK_I_010_DeterministicReplay	NotExecuted	1
coverage	T_GK_I_011_PositioningBaselineSlotRatification	NotExecuted	1
coverage	T_GK_V_001_MatchPeakHandlingLabelDistribution	NotExecuted	1
coverage	T_GK_V_002_ReflexABDivergence	NotExecuted	1
coverage	T_GK_V_003_FatigueGradient	NotExecuted	1
coverage	T_GK_V_004_OneVsOneConversionRate	NotExecuted	1
coverage	TableProjections_ExposeReadOnlyViews	Passed	1
coverage	TableRowOffset_LandsOnTheFirstRow	Passed	1
coverage	TackleIntentDiagnostic_ReportsHowOftenAnIntentNamesTheCarrier	NotExecuted	1
coverage	TackleInterrupt_FromCollision_CancelsPass	NotExecuted	1
coverage	TackleInterrupt_PublishesCancelledNotAttempt	NotExecuted	1
coverage	TacklesHappenInComposedPlay	Passed	1
coverage	TacticDefWidth_OrdinalsAreStable	Passed	1
coverage	TacticFormation_OrdinalsAreStable	Passed	1
coverage	TacticPassing_OrdinalsAreStable	Passed	1
coverage	TacticPressing_OrdinalsAreStable	Passed	1
coverage	TacticTriggerMask_BitPositionsAreStable	Passed	1
coverage	TacticWidth_OrdinalsAreStable	Passed	1
coverage	TacticalCorrectness_4231_TransToAtk_AMAdvances_RelativeTo_OutOfPoss	Passed	1
coverage	TacticalCorrectness_433_InPoss_WingersInLateralChannels	Passed	1
coverage	TacticalCorrectness_GkSlot_ClampedToOwnHalf	Passed	1
coverage	TacticalCorrectness_OutOfPoss_DefensiveLineCompact	Passed	1
coverage	TacticalCorrectness_TransToDef_NarrowerLateralSpread	Passed	1
coverage	TapIsLive_PossessionRecordsReachTheAggregatorAndResolveBothTeams	Passed	1
coverage	TeamAndShirtNumberComeFromTheRoster	Passed	1
coverage	TeamIdsAndShirtNumbers_AreExposedPerSlot	Passed	1
coverage	TeamRegain_ArmsSuppressionWindow_PerTransitionWon	Passed	1
coverage	TeamTactic_Balanced_IsTheIdentityTactic	Passed	1
coverage	TeamTactic_FeedsSnapshotDigest	Passed	1
coverage	TempoStandardRow_IsExactIdentity	Passed	1
coverage	Tempo_OrdinalsAreStable	Passed	1
coverage	Territorial_CreditsTheTeamWhoseOpponentHalfHoldsTheBall_AndTheSplitIsTotal	Passed	1
coverage	Territorial_HalfwayLineSampleIsStillAttributed_SoNoSampleIsLost	Passed	1
coverage	TextDraws_DoNotPerturbASiblingStreamsNextValue	Passed	1
coverage	TheAwayEndBoxes_AreBuiltInwardsAndStillNormalise	Passed	1
coverage	TheBackFillNeverReinstatesASuspendedPlayerWhileAnyInjuredPlayerRemains	Passed	1
coverage	TheBackFillPressesAnInjuredPlayerBackBeforeASuspendedOne	Passed	1
coverage	TheBallNeverSinksThroughTheGroundLayers_M17_M23	Passed	1
coverage	TheBallRadiusDoesNotVaryWithHeight	Passed	1
coverage	TheCameraCanSeeItsOwnTarget	Passed	1
coverage	TheCameraIsOffsetLaterally_SoTheViewIsNotPerfectlySymmetric	Passed	1
coverage	TheCameraLooksAtTheGroundPointItWasGiven	Passed	1
coverage	TheCameraSeesAtLeastWhatTheClampAssumesItDoes	Passed	1
coverage	TheCameraSitsAboveTheGround_AtTheConfiguredHeight	Passed	1
coverage	TheCommandLivesOnTheHandle_SoTheWrittenStatesAreTheBoundPair	Passed	1
coverage	TheConstructorCopies_SoALaterMutationOfTheSourceIsNotSeen	Passed	1
coverage	TheCooldownArmsOnEveryOutcomeIncludingAMiss	Passed	1
coverage	TheCueConstructorMapsItsArgumentsPositionally	Passed	1
coverage	TheCurrentDayIsNeverCounted	Passed	1
coverage	TheDefaultLockReasonReadsAsUnlocked	Passed	1
coverage	TheEdgeOverTheCarrierDrivesCleanWinsRatherThanLooseBalls	Passed	1
coverage	TheEffectiveTiltExceedsTheConfiguredOne_BecauseOfThatOffset	Passed	1
coverage	TheEndBoxes_CloseAtBothEnds_AndTheAwayEdgesMirrorTheHomeOnes	Passed	1
coverage	TheEngineAndTheFoldAgreeOnTheNoPlayerSentinel	Passed	1
coverage	TheFlowIsReusableForASecondMatch	Passed	1
coverage	TheFourScreenIdsAreDistinct	Passed	1
coverage	TheGoalkeeperFlagIsLive_SoASubstitutionMovesIt	Passed	1
coverage	TheLadderCarriesTheMasterPlansFourMultipliers	Passed	1
coverage	TheMarkerAndRingRadii_AreBothPopulatedAndNotSwapped	Passed	1
coverage	TheMessageNamesTheConfigKey_SoABootFailureIsActionable	Passed	1
coverage	TheMultiBitPath_CountsEveryAppearanceInTheWindow	Passed	1
coverage	ThePoseCarriesTheFieldOfView_SoTheBindingChoosesNothing	Passed	1
coverage	ThePoseTracksItsTarget_AtBothEnds	Passed	1
coverage	ThePossessionRingRadius_IsDerivedFromHasBall_NotStoredBesideIt	Passed	1
coverage	TheRecordSurvivesTheSaveFile	Passed	1
coverage	TheRecordedXi_ComesFromTheResolutionsOwnSquadInstance	Passed	1
coverage	TheSeasonRollResetsYellowsAndCarriesUnservedBans	Passed	1
coverage	TheSetbackMatchesTheConfiguredTilt	Passed	1
coverage	TheShadowStaysOnTheGroundPoint_WhateverTheHeight	Passed	1
coverage	TheShippedValuesSatisfyTheInvariantsTheyAreValidatedAgainst	Passed	1
coverage	TheSourceArrayIsNotMutated	Passed	1
coverage	TheStreamerServesTheSameNumbersItWouldComputeDirectly	Passed	1
coverage	TheTwoDefensiveClampsAreStructurallyUnreachable_AndThisLocksThatFact	Passed	1
coverage	TheViewIsTilted_NotStraightDown	Passed	1
coverage	TheVisibleGroundIsATrapezoid_ReachingFurtherBeyondTheAimPointThanInFrontOfIt	Passed	1
coverage	TheVisibleGroundMatchesTheConfiguredTiltAndFieldOfView	Passed	1
coverage	TheWindow_FitsTheBitmaskBound	Passed	1
coverage	ThreadedLifecycle_StartRunsThenStopJoinsCleanly	Passed	1
coverage	ThreeAgentsCluster_AllProcessedNoInfiniteLoop	NotExecuted	1
coverage	ThreeOptions_HighestWins	Passed	1
coverage	ThreeWayDuel_CorrectWinnerSelected	Passed	1
coverage	ThrowIn_PlacesBallOnTouchline_AndAwardsPossessionToTheOtherTeam	Passed	1
coverage	TickHeartbeatEvent_OrdinalIs0x09_TierC	Passed	1
coverage	TickOnce_AdvancesTheEngine_AndPublishesAFrame	Passed	1
coverage	TickOnce_AfterStart_Throws_RatherThanRacingThePacingLoop	Passed	1
coverage	TickOnce_CapturesFrame_MatchingEngineObservationSurface	Passed	1
coverage	TickOnce_IsObserverNeutral_DigestMatchesUnobservedRun	Passed	1
coverage	TickOnce_RunsTheCommandDrain_StampingAtThePreTickTick	Passed	1
coverage	Tick_InPossession_LooseBall_EmitsEmptyDirective	NotExecuted	1
coverage	TiedForcedStartExtremis_CommitsTheCanonicallyFirstCandidate_WhenTwoTieAtTheSameDirtyCount	Passed	1
coverage	TierA_Subscribe_AfterBootPhase_Throws	Passed	1
coverage	TierC_DropPredicate_AllowsMaxPerTickDeliveries	Passed	1
coverage	TierC_DropPredicate_DropsWhenCountReachesMaxPerTick	Passed	1
coverage	TierC_MultipleSubscribers_AllReceiveEvent	Passed	1
coverage	TierC_NoSubscribers_PublishDoesNotThrow	Passed	1
coverage	TierC_Publish_DeliiversToSubscriber	Passed	1
coverage	TierC_ResetPublicationCounts_AllowsPublishAgain	Passed	1
coverage	TierC_Unsubscribe_PreventsSubsequentDelivery	Passed	1
coverage	TimeGoingBackwards_FailsLoud	Passed	1
coverage	ToAgentMovement_CopiesRawValues	Passed	1
coverage	ToArray_FromArray_RoundTrips	Passed	1
coverage	ToBlocks_ReturnsCopies_NotTheStoresLiveArrays	Passed	1
coverage	ToDecisionTree_CopiesRawValues_AndRuntimeTeamId	Passed	1
coverage	ToGoalkeeper_WidensRawValues_AndRuntimeFields	Passed	1
coverage	ToHeading_CopiesRawValues_AndRuntimeFields	Passed	1
coverage	ToNormalized_DividesByAttributeMax	Passed	1
coverage	ToPass_WidensRawValues_DerivesKickPower_KeepsWeakFootScale	Passed	1
coverage	ToPassingStyle_MapsByName_NotRawOrdinal	Passed	1
coverage	ToPassingStyle_WidenedValue_ClampsToDirect	Passed	1
coverage	ToPerception_CopiesRawValues_AndRuntimeFields	Passed	1
coverage	ToPressingMode_MapsByName_NotRawOrdinal	Passed	1
coverage	ToPressingMode_WidenedValue_ClampsToHigh	Passed	1
coverage	ToShot_CopiesRawValues_DerivesRoundedKickPower	Passed	1
coverage	ToShot_KickPower_HalfAverage_MatchesMathfRounding	Passed	1
coverage	ToShot_KickPower_IntegerAverage_IsExact	Passed	1
coverage	ToWorldGround_DropsHeight_AndAgreesWithToWorld	Passed	1
coverage	ToWorld_AtZeroHeight_SitsOnTheGroundPlane	Passed	1
coverage	ToWorld_SwapsTheEngineYAxisIntoWorldZ_AndHeightIntoWorldY	Passed	1
coverage	TouchRadius_GoodControlMidRange_ReturnsInterpolatedValue	Passed	1
coverage	TouchRadius_GoodPoorBoundary_IsContinuous	Passed	1
coverage	TouchRadius_HeavyTouchBand_ReturnsInterpolatedValue	Passed	1
coverage	TouchRadius_MonotonicityVerification_HigherQualityAlwaysLowerRadius	Passed	1
coverage	TouchRadius_PerfectControl_ReturnsMinimumRadius	Passed	1
coverage	TouchRadius_PerfectGoodBoundary_IsContinuous	Passed	1
coverage	TouchRadius_PoorBandMidRange_ReturnsInterpolatedValue	Passed	1
coverage	TouchRadius_PoorHeavyBoundary_IsContinuous	Passed	1
coverage	TouchRadius_VelocityModifier_HardCappedAtMaxTouchRadius	Passed	1
coverage	TouchRadius_VelocityModifier_IncreasesRadiusForFastBall	Passed	1
coverage	TrainingInputNeutral_IsByteIdenticalToDefault	Passed	1
coverage	TrainingRiskFlowsFromTheProducerIntoTheOccurrenceRisk_TTMDFAT001	Passed	1
coverage	TrajectoryOverTheFrame_IsNeverClipped	Passed	1
coverage	TrajectoryThroughTheMouth_IsNeverClipped	Passed	1
coverage	TransferDebit_MovesCashOnly_AndMayCreateDebt	Passed	1
coverage	TransitionHoldTicksCounter_IsZero	Passed	1
coverage	TransitionPlan_OrdinalsAreStable	Passed	1
coverage	TransitionRun_DiffersFromNoTransitionRun	Passed	1
coverage	Translation_DoesNotInvert	Passed	1
coverage	TransposedRegistrations_AreRefusedAtConstruction	Passed	1
coverage	TriggerOrder_IsEntityIdAscending_ThenBoardByArcKindOrdinal	Passed	1
coverage	Trigger_CommitsOnFifthConsecutiveHeartbeat_AtomicSwap	Passed	1
coverage	Trigger_DwellResetsOnAnyMiss	Passed	1
coverage	TryGetLatestFrame_FalseBeforeFirstTick	Passed	1
coverage	TryGroundHit_FollowsAnObliqueRay_NotJustTheColumnBelowTheCamera	Passed	1
coverage	TryGroundHit_InvertsToWorld_ForBothEnds	Passed	1
coverage	TryGroundHit_IsIndifferentToRayLength	Passed	1
coverage	TryGroundHit_RefusesARayThatCannotReachTheGround	Passed	1
coverage	TryGroundHit_ReportsAPointBeyondTheTouchline_RatherThanRefusingIt	Passed	1
coverage	TryGroundHit_RoundTripsAPositionStraightDown	Passed	1
coverage	TryGroundHit_RoundTripsToWorld_OverTheWholePitch	Passed	1
coverage	TryIndexOfRefusesAMultiplierTheLadderNeverHandedOut	Passed	1
coverage	TrySetFocus_RefusesAnUnknownPlayerAndAnUnknownClub	Passed	1
coverage	TrySetFocus_SurvivesASeasonBoundary_WhereACachedHandleWouldNot	Passed	1
coverage	TrySolveRushIntercept_BallAtTheKeeper_SolvesAtZero	Passed	1
coverage	TrySolveRushIntercept_BallFasterAndReceding_HasNoSolution	Passed	1
coverage	TrySolveRushIntercept_BallFasterButClosing_IsMet	Passed	1
coverage	TrySolveRushIntercept_StationaryBall_MeetsItWhereItLies	Passed	1
coverage	TrySolveRushIntercept_ZeroRushSpeed_HasNoSolution	Passed	1
coverage	TrySpendOnePoint_AtPaCeiling_RefusesAndLeavesAttributesUnchanged	Passed	1
coverage	TrySpendOnePoint_RaisesHighestBiasAttribute_TieBrokenByAscendingIndex	Passed	1
coverage	TwoAgentsApproach_BothBounceBack	NotExecuted	1
coverage	TwoAiManagers_TwoRuns_BitwiseIdenticalDigests	Passed	1
coverage	TwoDifferentTargets_ProduceMateriallyDifferentDirections	Passed	1
coverage	TwoDrivers_SameSequenceSameTicks_ProduceIdenticalLogs	Passed	1
coverage	TwoIdenticalPlayers_SteppedIdentically_AreByteIdentical	Passed	1
coverage	TwoIdenticallyDrivenWorlds_AreFieldIdentical	Passed	1
coverage	TwoIndependentEngines_SameSubstitution_BitwiseIdenticalDigests	Passed	1
coverage	TwoPlayersOnTheSameDay_DoNotInfluenceEachOther_TTMDDET003	Passed	1
coverage	TwoRunSeason_ReachesAByteIdenticalFinalTable	Passed	1
coverage	TwoRunsPastFullTime_BitwiseIdenticalDigests	Passed	1
coverage	TwoRunsWithAFoul_BitwiseIdenticalDigests	Passed	1
coverage	TwoRunsWithAThrowIn_BitwiseIdenticalDigests	Passed	1
coverage	TwoRuns_SameOperations_FieldIdenticalWorldState	Passed	1
coverage	TwoSameSeedRunsWithTransition_ProduceIdenticalDigestChains	Passed	1
coverage	TwoSameSeedRuns_ProduceIdenticalDigestChains	Passed	2
coverage	TwoSameSeedRuns_WithCollision_ProduceIdenticalDigestChains	Passed	1
coverage	TwoSameSeedRuns_WithCompletedPass_ProduceIdenticalDigestChains	Passed	1
coverage	TwoSameSeedRuns_WithLiveDynamics_ProduceIdenticalDigestChains	Passed	1
coverage	TwoSameSeedRuns_WithLockedGuard_ProduceIdenticalDigestChains	Passed	1
coverage	TwoTargets_ThroughTheRealOrchestrator_ProduceDifferentOutgoingVelocities	Passed	1
coverage	TwoWayDuel_LargeGap_DisturbanceSaturatesAtMax	Passed	1
coverage	TwoWayDuel_LoserReceivesNonZeroDisturbance	Passed	1
coverage	TwoWayDuel_StrongerAgentWins	Passed	1
coverage	UiNotificationCue_OrdinalIs0x0B_TierC_MaxPerTick32	Passed	1
coverage	Unbound_ResolvesToEmpty	Passed	1
coverage	UndefinedDialByte_RefusedAtTheSeam	Passed	1
coverage	UndefinedFocusOnState_FailsLoud_F4	Passed	1
coverage	UndefinedOrdinal_FailsLoud_F4	Passed	1
coverage	UndefinedSeverityOnState_FailsLoud_F4	Passed	1
coverage	UndefinedSeverity_FailsLoud_F4	Passed	1
coverage	UnitFloat_IsInUnitInterval	Passed	1
coverage	UnknownActionType_DispatchesHoldSafeCommand	Passed	1
coverage	UnknownKey_FailsLoud	Passed	1
coverage	UnknownOrdinal_IsIgnored_KnownOrdinalInTheSameBatchStillFolds	Passed	1
coverage	UnknownOrdinal_IsIgnored_NotAnError	Passed	1
coverage	UnknownPathIs404_AndAMalformedRequestLineIs400	Passed	1
coverage	UnknownPath_Is404_AndNonGet_Is405	Passed	1
coverage	UnknownSectionHeader_FailsLoud	Passed	1
coverage	UnknownTeam_Throws	Passed	1
coverage	UnmappedIntentKind_Throws_NeverInventsASeam	Passed	1
coverage	UnplayedFixtureIndicesInRound_ReturnsWholeRoundThenShrinksAsPlayed	Passed	1
coverage	UnregisteredNavigation_Throws	Passed	1
coverage	UnscreenedGoalBoundThreat_CommitsDtSave_PositiveControl(0)	Passed	1
coverage	UnscreenedGoalBoundThreat_CommitsDtSave_PositiveControl(1)	Passed	1
coverage	UnwiredLoop_ExposesNoCareer	Passed	1
coverage	UpdateBallPhysics_ElevatedStationaryState_RecoversToAirborneAndFalls	Passed	1
coverage	UpdateRushFrame_NearTarget_DoesNotOvershoot	Passed	1
coverage	Update_CandidateDwellResetsOnCandidateChange	Passed	1
coverage	Update_CollisionBypassesLockedOscillationGuard	Passed	1
coverage	Update_ExitingGrounded_ClearsReasonAndForce	Passed	1
coverage	Update_ExpiresArcsPastMaxLifetime_Only	Passed	1
coverage	Update_GroundedDwellUsesCachedEntryForce_NotIncomingZeroForce	Passed	1
coverage	Update_GroundedDwell_ReleasesAfterFormulaDwellElapses	Passed	1
coverage	Update_KnockdownAtDwellExpiry_RefreshesGrounded_DoesNotFlickerIdle	Passed	1
coverage	Update_KnockdownEntryFrame_CachesReasonAndForce	Passed	1
coverage	Update_KnockdownForceAbove1_ClampedToOneOnCacheWrite	Passed	1
coverage	Update_NonOverridePath_NaNInPosition_RecoversAndDoesNotOverwriteCache	Passed	1
coverage	Update_OverridePath_NaNInjection_PreservesLastValidCache	Passed	1
coverage	Update_OverridePath_NaNInjection_PreservesSpeedField	Passed	1
coverage	Update_OverridePath_ValidValues_RefreshesLastValidCache	Passed	1
coverage	Update_PostCollisionRecovery_NotBlockedByPriorLock	Passed	1
coverage	Update_SameRolePreferred_CandidateDwellStaysZero	Passed	1
coverage	Update_SecondKnockdownWhileGrounded_RefreshesForceAndResetsDwellTimer	Passed	1
coverage	Update_TransitionsRoleAfterCandidateDwellReached	Passed	1
coverage	Upsert_MaintainsCanonicalAscendingOrder_RegardlessOfInsertOrder	Passed	1
coverage	Upsert_OverwritesAnExistingRow_RatherThanInsertingASecondOne	Passed	1
coverage	Upsert_WithAnEmptyEntryForAnAbsentKey_IsANoOp	Passed	1
coverage	Upsert_WithAnEmptyEntry_RemovesTheExistingRow	Passed	1
coverage	VS001_EliteShortGroundPass_OutputsInRange	Passed	1
coverage	VS003_ChipOverDefensiveLine_OutputsInRange	Passed	1
coverage	VS006_MinimumCompetenceGroundPass_OutputsRealistic	Passed	1
coverage	ValidSnapshot_OffBall_TransitionsToExecuting	Passed	1
coverage	ValidateCurrentDigest_DoesNotAdvanceTheDigestChain	Passed	1
coverage	ValidateStage0FloatMode_NoNativeShim_ReportsUnavailableNotFailure	Passed	1
coverage	ValidateTarget_ReceiverNotInRoster_NullifiesReceiverId	Passed	1
coverage	ValidateTarget_TargetPointOutsidePitch_ClampsToWithinBounds	Passed	1
coverage	Validate_ValidInputs_LeavesInPlaceAndReportsNoRecovery	Passed	1
coverage	ValidationScenario_VS001_EliteCreativeMidfielder_StandardPassInSpace	Passed	1
coverage	ValidationScenario_VS002_TargetStriker_LongBallUnderPressure	Passed	1
coverage	ValidationScenario_VS003_DefensiveMidfielder_ReceivingUnderHighPress	Passed	1
coverage	Validation_ClampsExcessiveSpin	Passed	1
coverage	Validation_ClampsExcessiveVelocity	Passed	1
coverage	Validation_DetectsInfinity_AndRecovers	Passed	1
coverage	Validation_DetectsNaN_AndRecovers	Passed	1
coverage	Validation_PreventsGroundPenetration	Passed	1
coverage	Validation_T_HE_V_001_22AgentMatchSegmentHeaderFrequencyAndTimingDistribution	NotExecuted	1
coverage	Validation_T_HE_V_002_CornerABHeadingAttributeSensitivity	NotExecuted	1
coverage	Validation_T_HE_V_003_FatigueGradientReducesOutgoingSpeedByTwelvePercent	NotExecuted	1
coverage	ValueContainingEquals_SplitsOnFirstOnly	Passed	1
coverage	VfxImpactCue_OrdinalIs0x0A_TierC_MaxPerTick64	Passed	1
coverage	ViewModel_IsAValueCopy_AndAgreesWithIsAvailable	Passed	1
coverage	ViewModel_IsAValueType	Passed	1
coverage	View_ExposesRosterOrderAndCount	Passed	1
coverage	View_IsASnapshotNotALiveWindow	Passed	1
coverage	View_IsObserverNeutral	Passed	1
coverage	View_ReadsFocusLive_NotACopy	Passed	1
coverage	Views_RefuseAnUnknownClubOrPlayer	Passed	1
coverage	W12GateFiringDiagnostic_ReportsPressingGateAndTriggerRates	NotExecuted	1
coverage	W4_BallAboveAgentReachHeight_BypassesTwoDimensionalBodyScreen	Passed	1
coverage	W4_ClearGoalBoundShot_IsAvailable	Passed	1
coverage	W4_ExcludedBody_DoesNotDisarmSaveAvailability	Passed	1
coverage	W4_FriendlyBodyBetweenKeeperAndBall_BlocksKeeperLineOfSight	Passed	1
coverage	W4_FriendlyBody_DoesNotChangeOrdinaryStageZeroOcclusion	Passed	1
coverage	W4_FriendlyScreen_DisarmsSaveAvailability	Passed	1
coverage	W4_KeeperBody_DoesNotSelfOcclude	Passed	1
coverage	W4_OcclusionCannotArmOtherwiseInvalidFlight	Passed	1
coverage	W4_OffLineBody_DoesNotDisarmSaveAvailability	Passed	1
coverage	W4_ShortExclusionMask_FailsLoud	Passed	1
coverage	WF001_StrongFoot_AccuracyModifier_IsNeutral	Passed	1
coverage	WF001_StrongFoot_NoMultiplierPenalty	Passed	1
coverage	WF002_WeakFootRating5_NearNoPenalty	Passed	1
coverage	WF002_WeakFoot_Rating1_ProducesMaximumPenalty	Passed	1
coverage	WF003_WeakFootRating1_MaxPenalty	Passed	1
coverage	WF003_WeakFoot_Rating5_IsAmbidextrous_Neutral	Passed	1
coverage	WF004_PenaltyMonotonicallyIncreasing_AsRatingDecreases	Passed	1
coverage	WF004_WeakFootAccuracy_MonotonicallyDecreasingPenalty_WithRating	Passed	1
coverage	WF005_WeakFootReducesVelocityMultiplier	Passed	1
coverage	WF005_WeakFoot_IncreasesErrorVsStrongFoot	Passed	1
coverage	WF005b_StrongFoot_PowerPenalty_IsNeutral	Passed	1
coverage	WF005c_WeakFoot_Rating1_ProducesMaxPowerReduction	Passed	1
coverage	WF006_WeakFootRatingRange_EqualsMaxMinusOne	Passed	1
coverage	WageCreditBeyondAggregate_FailsLoud	Passed	1
coverage	WageDebitThenCredit_MovesLiabilityOnly	Passed	1
coverage	WavedOnCandidate_IsClearedAndDoesNotLeakIntoTheNextTick	Passed	1
coverage	WavedOnCandidate_LeavesNoTrace_NoCardNoCooldownNoRestart	Passed	1
coverage	WeakPositionExtremis_KeepsTheGloballyWeakestBannedPlayerOut_WhenACleanPairExists	Passed	1
coverage	WeakReceiver_ExcludesOpposingGoalkeeper	Passed	1
coverage	WeakReceiver_FiresForLowSkillReceiverUnderPressure	Passed	1
coverage	WidenedValue_ClampsToBoldestPeer	Passed	1
coverage	WiderAngle_IsWorthMore_AtEqualDistance	Passed	1
coverage	WidthAndEngagementScalars_AreStrictlyMonotonic	Passed	1
coverage	WidthCompactnessScalar_IsMonotoneIncreasing	Passed	1
coverage	WidthCompactnessScalar_MapsEachWidthToItsCatalogueRow	Passed	1
coverage	WindupMs_Roll_MatchesRollWindupMs	Passed	1
coverage	WindupMs_Throw_MatchesThrowWindupMs	Passed	1
coverage	WinnerAndDraw_ReflectTheScoreline	Passed	1
coverage	WithNothingUnavailable_TheSeamHandsBackTheSAMESquadInstance	Passed	1
coverage	WithResult_AlwaysProducesCoherentRows	Passed	1
coverage	WithResult_RejectsNegativeGoalCounts	Passed	1
coverage	WorkedExampleMatchesSection365	Passed	1
coverage	WorkedExample_Draw3500AgainstRisk6600_IsMinor_TTMDSEV001	Passed	1
coverage	WorkedExample_FourYellows_PlusKind0_EndsAtYellows0Ban1	Passed	1
coverage	WorkedExample_FourYellows_PlusKind2_EndsAtYellows0Ban2_Stacking	Passed	1
coverage	WorkedExample_Kind1_AddsBanPlus2_YellowsUntouched	Passed	1
coverage	WorkedExample_RiskAssembly_Is6600	Passed	1
coverage	WorkedTransition_MatchesSpecSection35	Passed	1
coverage	WorldArcsStreamKey_DiffersFromWorldTextKey	Passed	1
coverage	WorldClock_AdvancesOneDayPerTick_AndRestores	Passed	1
coverage	WorldLoop_NullDependenciesFailLoud	Passed	1
coverage	WorldLoop_Phase4_ExpiresArcs_Phase6_EnforcesCap	Passed	1
coverage	WorldLoop_RunsDecayPhaseEachTick	Passed	1
coverage	WorldState_FeedsSnapshotDigest	Passed	1
coverage	WrongAgentCount_Throws	Passed	1
coverage	WrongLengthFatigueArray_FailsLoud	Passed	1
coverage	WrongSubstitutionCount_Throws	Passed	1
coverage	Xg_IsUnavailableAtStage1_BecauseNoProducerSuppliesAShotOrigin	Passed	1
coverage	YellowsPlusOne_AtIntMaxValue_ThrowsOverflowNamedMessage	Passed	1
coverage	YellowsPlusOne_BelowIntMaxValue_ReturnsIncrementedValue	Passed	1
coverage	ZeroRecoverySpeed_FailsLoud_TTMDFAIL006	Passed	1
coverage	ZoneBounds_AreEqualThirdsOfThePitch	Passed	1
coverage	sim_agentmovement_bounded_stop	Passed	1
coverage	sim_agentmovement_exhausted_command_degradation	Passed	1
coverage	sim_agentmovement_hold_at_own_position	Passed	1
coverage	sim_agentmovement_jog_band_respect	Passed	1
coverage	sim_agentmovement_launch_from_rest	Passed	1
coverage	sim_agentmovement_walk_band_stability	Passed	1
coverage	sim_attacking_attack_pipeline_runs_and_assigns	Passed	1
coverage	sim_attacking_two_instance_determinism	Passed	1
coverage	sim_ballphysics_drop_and_rebound	Passed	1
coverage	sim_ballphysics_fast_descent_grounds_out	Passed	1
coverage	sim_crossspec_away_team_tactic_mirror	Passed	1
coverage	sim_crossspec_gk_heading_flag_on_composition	Passed	1
coverage	sim_crossspec_lofted_pass_kick_bounce_roll	Passed	1
coverage	sim_crossspec_match_client_command_log_replay	Passed	1
coverage	sim_crossspec_match_client_save_restore_replay	Passed	1
coverage	sim_crossspec_match_engine_kickoff_multi_second	Passed	1
coverage	sim_crossspec_positioning_feeds_pressing	Passed	1
coverage	sim_crossspec_positioning_pressing_two_instance_determinism	Passed	1
coverage	sim_firsttouch_heavy_touch_runs_on	Passed	1
coverage	sim_firsttouch_interception_chain_anchors_at_displaced_ball	Passed	1
coverage	sim_goalkeeper_save_launch_executes_dive	Passed	1
coverage	sim_goalkeeper_two_instance_determinism	Passed	1
coverage	sim_heading_committed_header_runs_publish_free	Passed	1
coverage	sim_heading_two_instance_determinism	Passed	1
coverage	sim_match_engine_discipline_plausible	Passed	1
coverage	sim_match_engine_goalkeeper_saves	Passed	1
coverage	sim_match_engine_inposs_gate	Passed	1
coverage	sim_match_engine_keeper_claim	Passed	1
coverage	sim_match_engine_keeper_contact	Passed	1
coverage	sim_match_engine_keeper_conversion	Passed	1
coverage	sim_match_engine_play_develops	Passed	1
coverage	sim_match_engine_shot_outcomes	Passed	1
coverage	sim_match_engine_shot_speed	Passed	1
coverage	sim_perception_awareness_cold_start_builds	Passed	1
coverage	sim_perception_full_heartbeat_all_snapshots	Passed	1
coverage	sim_perception_two_instance_determinism	Passed	1
coverage	sim_pressing_press_pipeline_runs_and_assigns	Passed	1
coverage	sim_pressing_two_instance_determinism	Passed	1
coverage	sim_season_multi_fixture	Passed	1
owner-held-red	sim_match_engine_close_chance	Passed	1
